Region,Rt_avg_14days,Rt_range_14days_lower,Rt_range_14days_upper,computation_time_range_start,computation_time_range_end
Abruzzo,0.67,0.46,0.91,2020-05-07,2020-05-20
Basilicata,0.00,0.00,0.00,2020-05-07,2020-05-20
Bolzano,0.57,0.37,0.83,2020-05-07,2020-05-20
Calabria,0.13,0.01,0.35,2020-05-07,2020-05-20
Campania,0.00,0.00,0.00,2020-05-07,2020-05-20
Emilia R.,0.55,0.49,0.62,2020-05-07,2020-05-20
Friuli V.G.,0.90,0.67,1.16,2020-05-07,2020-05-20
Lazio,0.74,0.57,0.92,2020-05-07,2020-05-20
Liguria,0.58,0.51,0.66,2020-05-07,2020-05-20
Lombardia,0.75,0.72,0.84,2020-05-07,2020-05-20
Marche,0.55,0.35,0.82,2020-05-07,2020-05-20
Molise,2.20,1.50,3.33,2020-05-07,2020-05-20
Piemonte,0.50,0.46,0.55,2020-05-07,2020-05-20
Puglia,0.62,0.45,0.82,2020-05-07,2020-05-20
Sardegna,0.51,0.22,0.82,2020-05-07,2020-05-20
Sicilia,0.75,0.44,1.19,2020-05-07,2020-05-20
Toscana,0.59,0.47,0.73,2020-05-07,2020-05-20
Trento,0.88,0.68,1.09,2020-05-07,2020-05-20
Umbria,0.94,0.57,1.41,2020-05-07,2020-05-20
Valle d'Aosta,0.80,0.43,1.10,2020-05-07,2020-05-20
Veneto,0.65,0.49,0.83,2020-05-07,2020-05-20
Abruzzo,0.76,0.33,1.37,2020-05-14,2020-05-27
Basilicata,0.00,0.00,0.00,2020-05-14,2020-05-27
Bolzano,0.86,0.17,2.05,2020-05-14,2020-05-27
Calabria,0.37,0.00,0.90,2020-05-14,2020-05-27
Campania,0.58,0.01,1.79,2020-05-14,2020-05-27
Emilia R.,0.58,0.39,0.77,2020-05-14,2020-05-27
Friuli V.G.,0.76,0.38,1.28,2020-05-14,2020-05-27
Lazio,0.75,0.43,1.21,2020-05-14,2020-05-27
Liguria,0.48,0.26,0.72,2020-05-14,2020-05-27
Lombardia,0.91,0.78,1.09,2020-05-14,2020-05-27
Marche,0.86,0.29,1.79,2020-05-14,2020-05-27
Molise,0.59,0.00,2.14,2020-05-14,2020-05-27
Piemonte,0.58,0.44,0.71,2020-05-14,2020-05-27
Puglia,0.78,0.32,1.79,2020-05-14,2020-05-27
Sardegna,0.14,0.00,0.47,2020-05-14,2020-05-27
Sicilia,0.55,0.07,1.46,2020-05-14,2020-05-27
Toscana,0.72,0.43,1.23,2020-05-14,2020-05-27
Trento,0.86,0.55,1.22,2020-05-14,2020-05-27
Umbria,0.65,0.00,1.73,2020-05-14,2020-05-27
Valle d'Aosta,0.47,0.02,1.75,2020-05-14,2020-05-27
Veneto,0.61,0.35,1.06,2020-05-14,2020-05-27
Abruzzo,0.70,0.23,1.34,2020-05-21,2020-06-03
Basilicata,0.00,0.00,0.00,2020-05-21,2020-06-03
Bolzano,0.84,0.03,1.99,2020-05-21,2020-06-03
Calabria,0.09,0.00,0.36,2020-05-21,2020-06-03
Campania,0.28,0.01,0.90,2020-05-21,2020-06-03
Emilia R.,0.55,0.31,0.75,2020-05-21,2020-06-03
Friuli V.G.,0.67,0.32,1.19,2020-05-21,2020-06-03
Lazio,0.93,0.57,1.50,2020-05-21,2020-06-03
Liguria,0.53,0.26,1.37,2020-05-21,2020-06-03
Lombardia,0.90,0.75,1.02,2020-05-21,2020-06-03
Marche,0.76,0.22,1.49,2020-05-21,2020-06-03
Molise,0.48,0.13,0.98,2020-05-21,2020-06-03
Piemonte,0.54,0.36,0.71,2020-05-21,2020-06-03
Puglia,0.94,0.34,1.84,2020-05-21,2020-06-03
Sardegna,0.10,0.00,0.40,2020-05-21,2020-06-03
Sicilia,0.59,0.19,1.26,2020-05-21,2020-06-03
Toscana,0.68,0.31,1.09,2020-05-21,2020-06-03
Trento,0.65,0.16,1.19,2020-05-21,2020-06-03
Umbria,0.30,0.00,1.63,2020-05-21,2020-06-03
Valle d'Aosta,0.49,0.02,1.40,2020-05-21,2020-06-03
Veneto,0.59,0.22,0.98,2020-05-21,2020-06-03
Abruzzo,0.57,0.01,1.16,2020-05-28,2020-06-10
Basilicata,0.10,0.00,0.99,2020-05-28,2020-06-10
Bolzano,0.21,0.00,0.76,2020-05-28,2020-06-10
Calabria,0.04,0.00,0.30,2020-05-28,2020-06-10
Campania,0.46,0.02,1.01,2020-05-28,2020-06-10
Emilia R.,0.62,0.32,1.52,2020-05-28,2020-06-10
Friuli V.G.,0.57,0.07,1.16,2020-05-28,2020-06-10
Lazio,1.12,0.64,1.66,2020-05-28,2020-06-10
Liguria,0.80,0.45,1.37,2020-05-28,2020-06-10
Lombardia,0.82,0.64,0.95,2020-05-28,2020-06-10
Marche,0.59,0.24,1.03,2020-05-28,2020-06-10
Molise,0.35,0.00,0.93,2020-05-28,2020-06-10
Piemonte,0.56,0.38,0.97,2020-05-28,2020-06-10
Puglia,0.62,0.00,1.74,2020-05-28,2020-06-10
Sardegna,0.03,0.00,0.40,2020-05-28,2020-06-10
Sicilia,0.72,0.15,1.57,2020-05-28,2020-06-10
Toscana,0.74,0.29,1.63,2020-05-28,2020-06-10
Trento,0.32,0.01,0.93,2020-05-28,2020-06-10
Umbria,0.00,0.00,0.00,2020-05-28,2020-06-10
Valle d'Aosta,0.45,0.00,1.40,2020-05-28,2020-06-10
Veneto,0.69,0.25,1.85,2020-05-28,2020-06-10
Abruzzo,0.42,0.02,1.52,2020-06-04,2020-06-17
Basilicata,0.10,0.00,0.99,2020-06-04,2020-06-17
Bolzano,0.40,0.00,1.16,2020-06-04,2020-06-17
Calabria,0.43,0.00,1.22,2020-06-04,2020-06-17
Campania,0.21,0.01,0.63,2020-06-04,2020-06-17
Emilia R.,1.01,0.43,1.96,2020-06-04,2020-06-17
Friuli V.G.,0.69,0.07,1.71,2020-06-04,2020-06-17
Lazio,1.24,0.76,1.89,2020-06-04,2020-06-17
Liguria,0.76,0.44,1.15,2020-06-04,2020-06-17
Lombardia,1.01,0.71,1.37,2020-06-04,2020-06-17
Marche,0.86,0.24,1.59,2020-06-04,2020-06-17
Molise,0.09,0.00,0.59,2020-06-04,2020-06-17
Piemonte,0.69,0.45,1.10,2020-06-04,2020-06-17
Puglia,0.36,0.00,1.48,2020-06-04,2020-06-17
Sardegna,0.27,0.00,1.08,2020-06-04,2020-06-17
Sicilia,0.83,0.17,2.11,2020-06-04,2020-06-17
Toscana,0.96,0.39,1.87,2020-06-04,2020-06-17
Trento,0.13,0.00,0.41,2020-06-04,2020-06-17
Umbria,0.00,0.00,0.00,2020-06-04,2020-06-17
Valle d'Aosta,0.18,0.00,0.65,2020-06-04,2020-06-17
Veneto,0.81,0.25,1.87,2020-06-04,2020-06-17
Abruzzo,0.52,0.04,1.22,2020-06-11,2020-06-24
Basilicata,0.05,0.00,0.69,2020-06-11,2020-06-24
Bolzano,0.58,0.03,1.40,2020-06-11,2020-06-24
Calabria,0.69,0.11,1.64,2020-06-11,2020-06-24
Campania,0.82,0.19,1.55,2020-06-11,2020-06-24
Emilia R.,1.28,0.67,1.87,2020-06-11,2020-06-24
Friuli V.G.,0.51,0.01,1.61,2020-06-11,2020-06-24
Lazio,1.04,0.43,1.78,2020-06-11,2020-06-24
Liguria,0.78,0.40,1.35,2020-06-11,2020-06-24
Lombardia,0.89,0.54,1.28,2020-06-11,2020-06-24
Marche,0.81,0.10,1.96,2020-06-11,2020-06-24
Molise,0.16,0.00,0.67,2020-06-11,2020-06-24
Piemonte,0.81,0.48,1.30,2020-06-11,2020-06-24
Puglia,0.67,0.05,1.50,2020-06-11,2020-06-24
Sardegna,0.26,0.00,0.98,2020-06-11,2020-06-24
Sicilia,0.14,0.00,0.69,2020-06-11,2020-06-24
Toscana,0.99,0.44,1.89,2020-06-11,2020-06-24
Trento,0.26,0.00,0.96,2020-06-11,2020-06-24
Umbria,0.08,0.00,0.36,2020-06-11,2020-06-24
Valle d'Aosta,0.00,0.00,0.00,2020-06-11,2020-06-24
Veneto,1.12,0.23,2.28,2020-06-11,2020-06-24
Abruzzo,0.72,0.02,1.43,2020-06-18,2020-07-01
Basilicata,0.00,0.00,0.00,2020-06-18,2020-07-01
Bolzano,0.33,0.02,0.86,2020-06-18,2020-07-01
Calabria,0.38,0.00,1.31,2020-06-18,2020-07-01
Campania,0.88,0.20,2.07,2020-06-18,2020-07-01
Emilia R.,1.20,0.76,1.88,2020-06-18,2020-07-01
Friuli V.G.,0.64,0.04,1.73,2020-06-18,2020-07-01
Lazio,1.07,0.45,2.05,2020-06-18,2020-07-01
Liguria,0.82,0.37,1.41,2020-06-18,2020-07-01
Lombardia,0.92,0.66,1.26,2020-06-18,2020-07-01
Marche,0.87,0.07,1.79,2020-06-18,2020-07-01
Molise,0.21,0.00,0.67,2020-06-18,2020-07-01
Piemonte,1.06,0.56,1.97,2020-06-18,2020-07-01
Puglia,0.54,0.00,1.92,2020-06-18,2020-07-01
Sardegna,0.19,0.00,0.54,2020-06-18,2020-07-01
Sicilia,0.24,0.00,0.91,2020-06-18,2020-07-01
Toscana,1.12,0.35,2.91,2020-06-18,2020-07-01
Trento,0.51,0.03,1.04,2020-06-18,2020-07-01
Umbria,0.56,0.00,1.31,2020-06-18,2020-07-01
Valle d'Aosta,0.06,0.00,0.47,2020-06-18,2020-07-01
Veneto,1.20,0.39,2.28,2020-06-18,2020-07-01
Abruzzo,0.21,0.02,1.43,2020-06-25,2020-07-08
Basilicata,0.02,0.00,0.28,2020-06-25,2020-07-08
Bolzano,0.14,0.02,0.86,2020-06-25,2020-07-08
Calabria,0.13,0.00,1.31,2020-06-25,2020-07-08
Campania,0.93,0.20,2.07,2020-06-25,2020-07-08
Emilia R.,1.06,0.76,1.88,2020-06-25,2020-07-08
Friuli V.G.,0.77,0.04,1.73,2020-06-25,2020-07-08
Lazio,1.23,0.45,2.05,2020-06-25,2020-07-08
Liguria,0.78,0.37,1.41,2020-06-25,2020-07-08
Lombardia,1.14,0.66,1.26,2020-06-25,2020-07-08
Marche,0.63,0.07,1.79,2020-06-25,2020-07-08
Molise,0.05,0.00,0.67,2020-06-25,2020-07-08
Piemonte,1.06,0.56,1.97,2020-06-25,2020-07-08
Puglia,0.07,0.00,1.92,2020-06-25,2020-07-08
Sardegna,0.32,0.00,0.54,2020-06-25,2020-07-08
Sicilia,0.43,0.00,0.91,2020-06-25,2020-07-08
Toscana,1.24,0.35,2.91,2020-06-25,2020-07-08
Trento,0.25,0.03,1.04,2020-06-25,2020-07-08
Umbria,0.39,0.00,1.31,2020-06-25,2020-07-08
Valle d'Aosta,0.19,0.00,0.47,2020-06-25,2020-07-08
Veneto,1.61,0.39,2.28,2020-06-25,2020-07-08
Abruzzo,0.50,0.02,1.57,2020-07-02,2020-07-15
Basilicata,0.06,0.00,0.28,2020-07-02,2020-07-15
Bolzano,0.57,0.00,2.52,2020-07-02,2020-07-15
Calabria,0.00,0.00,0.00,2020-07-02,2020-07-15
Campania,0.80,0.28,1.61,2020-07-02,2020-07-15
Emilia R.,1.14,0.66,1.66,2020-07-02,2020-07-15
Friuli V.G.,0.71,0.04,1.88,2020-07-02,2020-07-15
Lazio,1.04,0.44,1.80,2020-07-02,2020-07-15
Liguria,1.06,0.29,2.04,2020-07-02,2020-07-15
Lombardia,1.00,0.71,1.36,2020-07-02,2020-07-15
Marche,0.62,0.11,1.66,2020-07-02,2020-07-15
Molise,0.00,0.00,0.00,2020-07-02,2020-07-15
Piemonte,1.07,0.39,2.03,2020-07-02,2020-07-15
Puglia,0.00,0.00,0.00,2020-07-02,2020-07-15
Sardegna,0.32,0.00,1.30,2020-07-02,2020-07-15
Sicilia,0.88,0.04,2.27,2020-07-02,2020-07-15
Toscana,0.99,0.26,2.30,2020-07-02,2020-07-15
Trento,0.38,0.00,1.82,2020-07-02,2020-07-15
Umbria,0.30,0.00,1.07,2020-07-02,2020-07-15
Valle d'Aosta,0.10,0.00,0.84,2020-07-02,2020-07-15
Veneto,1.18,0.32,2.58,2020-07-02,2020-07-15
Abruzzo,0.77,0.03,1.56,2020-07-09,2020-07-22
Basilicata,0.04,0.00,0.27,2020-07-09,2020-07-22
Bolzano,1.07,0.02,2.72,2020-07-09,2020-07-22
Calabria,0.00,0.00,0.00,2020-07-09,2020-07-22
Campania,1.42,0.43,2.62,2020-07-09,2020-07-22
Emilia R.,1.08,0.60,1.73,2020-07-09,2020-07-22
Friuli V.G.,0.41,0.02,1.51,2020-07-09,2020-07-22
Lazio,1.04,0.53,1.68,2020-07-09,2020-07-22
Liguria,1.25,0.50,2.08,2020-07-09,2020-07-22
Lombardia,0.96,0.73,1.19,2020-07-09,2020-07-22
Marche,0.87,0.14,2.20,2020-07-09,2020-07-22
Molise,0.00,0.00,0.00,2020-07-09,2020-07-22
Piemonte,0.87,0.27,1.86,2020-07-09,2020-07-22
Puglia,0.37,0.00,2.22,2020-07-09,2020-07-22
Sardegna,0.08,0.00,0.41,2020-07-09,2020-07-22
Sicilia,1.55,0.33,2.91,2020-07-09,2020-07-22
Toscana,0.70,0.22,1.58,2020-07-09,2020-07-22
Trento,1.34,0.00,3.40,2020-07-09,2020-07-22
Umbria,0.28,0.00,1.22,2020-07-09,2020-07-22
Valle d'Aosta,0.00,0.00,0.00,2020-07-09,2020-07-22
Veneto,1.66,0.75,3.10,2020-07-09,2020-07-22
Abruzzo,0.82,0.22,1.73,2020-07-16,2020-07-29
Basilicata,0.00,0.00,0.00,2020-07-16,2020-07-29
Bolzano,1.43,0.24,3.03,2020-07-16,2020-07-29
Calabria,0.00,0.00,0.00,2020-07-16,2020-07-29
Campania,1.25,0.46,2.50,2020-07-16,2020-07-29
Emilia R.,1.01,0.59,1.54,2020-07-16,2020-07-29
Friuli V.G.,0.26,0.02,0.87,2020-07-16,2020-07-29
Lazio,1.08,0.67,1.68,2020-07-16,2020-07-29
Liguria,1.16,0.57,2.07,2020-07-16,2020-07-29
Lombardia,1.04,0.84,1.27,2020-07-16,2020-07-29
Marche,1.13,0.03,2.58,2020-07-16,2020-07-29
Molise,0.00,0.00,0.00,2020-07-16,2020-07-29
Piemonte,0.87,0.36,1.82,2020-07-16,2020-07-29
Puglia,1.10,0.00,2.64,2020-07-16,2020-07-29
Sardegna,0.12,0.00,0.67,2020-07-16,2020-07-29
Sicilia,1.62,0.86,2.61,2020-07-16,2020-07-29
Toscana,1.20,0.39,2.44,2020-07-16,2020-07-29
Trento,1.28,0.22,2.81,2020-07-16,2020-07-29
Umbria,0.58,0.03,1.41,2020-07-16,2020-07-29
Valle d'Aosta,0.11,0.00,0.82,2020-07-16,2020-07-29
Veneto,1.28,0.70,2.31,2020-07-16,2020-07-29
Abruzzo,1.33,0.41,2.52,2020-07-23,2020-08-05
Basilicata,0.00,0.00,0.00,2020-07-23,2020-08-05
Bolzano,0.97,0.09,2.33,2020-07-23,2020-08-05
Calabria,0.00,0.00,0.00,2020-07-23,2020-08-05
Campania,0.86,0.27,2.06,2020-07-23,2020-08-05
Emilia R.,0.77,0.18,1.57,2020-07-23,2020-08-05
Friuli V.G.,0.32,0.02,0.78,2020-07-23,2020-08-05
Lazio,0.99,0.46,1.62,2020-07-23,2020-08-05
Liguria,1.05,0.46,1.88,2020-07-23,2020-08-05
Lombardia,1.13,0.87,1.43,2020-07-23,2020-08-05
Marche,1.02,0.24,2.71,2020-07-23,2020-08-05
Molise,0.00,0.00,0.00,2020-07-23,2020-08-05
Piemonte,1.04,0.44,1.88,2020-07-23,2020-08-05
Puglia,1.14,0.61,2.35,2020-07-23,2020-08-05
Sardegna,0.33,0.00,1.37,2020-07-23,2020-08-05
Sicilia,1.41,0.46,2.45,2020-07-23,2020-08-05
Toscana,1.28,0.46,2.60,2020-07-23,2020-08-05
Trento,0.78,0.08,2.14,2020-07-23,2020-08-05
Umbria,0.76,0.04,2.37,2020-07-23,2020-08-05
Valle d'Aosta,0.37,0.00,1.38,2020-07-23,2020-08-05
Veneto,1.20,0.76,1.71,2020-07-23,2020-08-05
Abruzzo,1.24,0.14,2.79,2020-07-30,2020-08-12
Basilicata,0.00,0.00,0.00,2020-07-30,2020-08-12
Bolzano,0.50,0.03,1.73,2020-07-30,2020-08-12
Calabria,0.77,0.00,3.33,2020-07-30,2020-08-12
Campania,1.02,0.39,2.11,2020-07-30,2020-08-12
Emilia R.,0.45,0.16,0.95,2020-07-30,2020-08-12
Friuli V.G.,0.42,0.02,1.08,2020-07-30,2020-08-12
Lazio,0.73,0.30,1.47,2020-07-30,2020-08-12
Liguria,0.90,0.35,1.61,2020-07-30,2020-08-12
Lombardia,1.17,0.86,1.48,2020-07-30,2020-08-12
Marche,0.85,0.35,1.80,2020-07-30,2020-08-12
Molise,0.00,0.00,0.00,2020-07-30,2020-08-12
Piemonte,0.91,0.35,1.81,2020-07-30,2020-08-12
Puglia,0.80,0.11,1.68,2020-07-30,2020-08-12
Sardegna,0.90,0.12,2.35,2020-07-30,2020-08-12
Sicilia,0.99,0.52,1.99,2020-07-30,2020-08-12
Toscana,0.96,0.36,2.46,2020-07-30,2020-08-12
Trento,0.41,0.00,1.34,2020-07-30,2020-08-12
Umbria,1.34,0.44,2.60,2020-07-30,2020-08-12
Valle d'Aosta,0.80,0.03,2.38,2020-07-30,2020-08-12
Veneto,1.21,0.78,1.79,2020-07-30,2020-08-12
Abruzzo,0.80,0.23,2.25,2020-08-06,2020-08-19
Basilicata,0.00,0.00,0.00,2020-08-06,2020-08-19
Bolzano,0.49,0.02,1.22,2020-08-06,2020-08-19
Calabria,1.26,0.01,3.42,2020-08-06,2020-08-19
Campania,1.06,0.44,2.15,2020-08-06,2020-08-19
Emilia R.,0.53,0.15,0.86,2020-08-06,2020-08-19
Friuli V.G.,0.78,0.02,1.97,2020-08-06,2020-08-19
Lazio,0.42,0.00,0.87,2020-08-06,2020-08-19
Liguria,1.11,0.46,2.07,2020-08-06,2020-08-19
Lombardia,0.52,0.22,1.21,2020-08-06,2020-08-19
Marche,0.56,0.08,1.47,2020-08-06,2020-08-19
Molise,0.16,0.00,0.87,2020-08-06,2020-08-19
Piemonte,0.75,0.21,1.57,2020-08-06,2020-08-19
Puglia,0.72,0.12,1.76,2020-08-06,2020-08-19
Sardegna,1.10,0.19,2.29,2020-08-06,2020-08-19
Sicilia,0.68,0.26,1.41,2020-08-06,2020-08-19
Toscana,0.83,0.38,1.39,2020-08-06,2020-08-19
Trento,0.24,0.00,0.85,2020-08-06,2020-08-19
Umbria,1.24,0.43,2.52,2020-08-06,2020-08-19
Valle d'Aosta,0.75,0.02,2.42,2020-08-06,2020-08-19
Veneto,0.84,0.20,1.43,2020-08-06,2020-08-19
Abruzzo,1.14,0.51,1.86,2020-08-13,2020-08-26
Basilicata,0.02,0.00,0.56,2020-08-13,2020-08-26
Bolzano,0.71,0.24,1.35,2020-08-13,2020-08-26
Calabria,0.66,0.02,2.30,2020-08-13,2020-08-26
Campania,1.00,0.32,1.70,2020-08-13,2020-08-26
Emilia R.,0.97,0.64,1.37,2020-08-13,2020-08-26
Friuli V.G.,1.18,0.67,1.84,2020-08-13,2020-08-26
Lazio,0.76,0.34,1.29,2020-08-13,2020-08-26
Liguria,0.92,0.48,1.80,2020-08-13,2020-08-26
Lombardia,0.89,0.64,1.12,2020-08-13,2020-08-26
Marche,0.78,0.34,1.41,2020-08-13,2020-08-26
Molise,0.24,0.00,0.72,2020-08-13,2020-08-26
Piemonte,0.90,0.57,1.32,2020-08-13,2020-08-26
Puglia,0.80,0.54,1.51,2020-08-13,2020-08-26
Sardegna,1.99,0.68,3.47,2020-08-13,2020-08-26
Sicilia,0.82,0.53,1.16,2020-08-13,2020-08-26
Toscana,1.05,0.76,1.50,2020-08-13,2020-08-26
Trento,0.78,0.00,2.13,2020-08-13,2020-08-26
Umbria,0.92,0.47,1.68,2020-08-13,2020-08-26
Valle d'Aosta,0.22,0.00,0.79,2020-08-13,2020-08-26
Veneto,0.87,0.58,1.33,2020-08-13,2020-08-26
Abruzzo,1.02,0.49,1.88,2020-08-20,2020-09-02
Basilicata,0.55,0.00,2.50,2020-08-20,2020-09-02
Bolzano,0.71,0.25,1.40,2020-08-20,2020-09-02
Calabria,0.87,0.18,1.85,2020-08-20,2020-09-02
Campania,0.61,0.27,1.25,2020-08-20,2020-09-02
Emilia R.,0.88,0.48,1.36,2020-08-20,2020-09-02
Friuli V.G.,1.02,0.56,1.71,2020-08-20,2020-09-02
Lazio,0.52,0.34,0.90,2020-08-20,2020-09-02
Liguria,1.13,0.56,1.78,2020-08-20,2020-09-02
Lombardia,0.87,0.59,1.06,2020-08-20,2020-09-02
Marche,0.84,0.39,1.41,2020-08-20,2020-09-02
Molise,0.27,0.02,0.98,2020-08-20,2020-09-02
Piemonte,0.93,0.34,1.75,2020-08-20,2020-09-02
Puglia,1.21,0.83,1.59,2020-08-20,2020-09-02
Sardegna,1.41,0.56,3.31,2020-08-20,2020-09-02
Sicilia,0.96,0.66,1.32,2020-08-20,2020-09-02
Toscana,0.95,0.67,1.31,2020-08-20,2020-09-02
Trento,1.58,0.58,2.40,2020-08-20,2020-09-02
Umbria,0.77,0.36,1.39,2020-08-20,2020-09-02
Valle d'Aosta,0.59,0.00,1.87,2020-08-20,2020-09-02
Veneto,0.86,0.65,1.10,2020-08-20,2020-09-02
Abruzzo,0.86,0.55,1.24,2020-08-27,2020-09-09
Basilicata,0.92,0.04,2.64,2020-08-27,2020-09-09
Bolzano,0.99,0.22,1.92,2020-08-27,2020-09-09
Calabria,1.07,0.48,1.82,2020-08-27,2020-09-09
Campania,0.71,0.34,1.33,2020-08-27,2020-09-09
Emilia R.,0.71,0.59,0.92,2020-08-27,2020-09-09
Friuli V.G.,1.11,0.59,1.69,2020-08-27,2020-09-09
Lazio,0.54,0.37,0.77,2020-08-27,2020-09-09
Liguria,1.32,0.95,1.66,2020-08-27,2020-09-09
Lombardia,0.74,0.62,0.98,2020-08-27,2020-09-09
Marche,0.85,0.41,1.45,2020-08-27,2020-09-09
Molise,0.75,0.03,3.05,2020-08-27,2020-09-09
Piemonte,0.69,0.41,1.18,2020-08-27,2020-09-09
Puglia,1.13,0.84,1.55,2020-08-27,2020-09-09
Sardegna,0.88,0.56,1.13,2020-08-27,2020-09-09
Sicilia,1.08,0.70,1.43,2020-08-27,2020-09-09
Toscana,0.91,0.73,1.13,2020-08-27,2020-09-09
Trento,1.59,0.91,2.53,2020-08-27,2020-09-09
Umbria,0.85,0.39,1.40,2020-08-27,2020-09-09
Valle d'Aosta,0.61,0.00,2.05,2020-08-27,2020-09-09
Veneto,0.88,0.73,1.05,2020-08-27,2020-09-09
Abruzzo,1.10,0.57,1.62,2020-09-03,2020-09-16
Basilicata,0.73,0.04,1.92,2020-09-03,2020-09-16
Bolzano,1.28,0.71,2.12,2020-09-03,2020-09-16
Calabria,1.13,0.60,1.81,2020-09-03,2020-09-16
Campania,1.10,0.56,1.57,2020-09-03,2020-09-16
Emilia R.,0.78,0.62,0.96,2020-09-03,2020-09-16
Friuli V.G.,1.11,0.70,1.74,2020-09-03,2020-09-16
Lazio,0.85,0.50,1.16,2020-09-03,2020-09-16
Liguria,1.31,0.82,1.89,2020-09-03,2020-09-16
Lombardia,0.75,0.61,0.89,2020-09-03,2020-09-16
Marche,0.99,0.47,1.63,2020-09-03,2020-09-16
Molise,1.04,0.26,3.17,2020-09-03,2020-09-16
Piemonte,0.96,0.54,1.43,2020-09-03,2020-09-16
Puglia,1.06,0.73,1.46,2020-09-03,2020-09-16
Sardegna,0.77,0.50,1.13,2020-09-03,2020-09-16
Sicilia,1.20,0.77,1.75,2020-09-03,2020-09-16
Toscana,0.93,0.74,1.18,2020-09-03,2020-09-16
Trento,1.24,0.67,2.06,2020-09-03,2020-09-16
Umbria,1.06,0.74,1.46,2020-09-03,2020-09-16
Valle d'Aosta,0.59,0.00,2.12,2020-09-03,2020-09-16
Veneto,1.01,0.74,1.23,2020-09-03,2020-09-16
Abruzzo,1.17,0.63,1.68,2020-09-10,2020-09-23
Basilicata,0.70,0.14,1.81,2020-09-10,2020-09-23
Bolzano,1.12,0.58,1.63,2020-09-10,2020-09-23
Calabria,1.06,0.58,1.70,2020-09-10,2020-09-23
Campania,1.19,0.81,1.63,2020-09-10,2020-09-23
Emilia R.,0.80,0.57,0.99,2020-09-10,2020-09-23
Friuli V.G.,1.00,0.69,1.31,2020-09-10,2020-09-23
Lazio,1.09,0.83,1.13,2020-09-10,2020-09-23
Liguria,1.16,0.84,1.46,2020-09-10,2020-09-23
Lombardia,0.86,0.73,1.01,2020-09-10,2020-09-23
Marche,0.99,0.61,1.71,2020-09-10,2020-09-23
Molise,0.70,0.16,1.97,2020-09-10,2020-09-23
Piemonte,1.22,0.84,1.55,2020-09-10,2020-09-23
Puglia,1.02,0.80,1.32,2020-09-10,2020-09-23
Sardegna,0.86,0.59,1.13,2020-09-10,2020-09-23
Sicilia,1.19,0.88,1.57,2020-09-10,2020-09-23
Toscana,0.95,0.77,1.21,2020-09-10,2020-09-23
Trento,1.06,0.60,1.52,2020-09-10,2020-09-23
Umbria,1.07,0.76,1.53,2020-09-10,2020-09-23
Valle d'Aosta,0.97,0.11,2.10,2020-09-10,2020-09-23
Veneto,1.10,0.93,1.29,2020-09-10,2020-09-23
Abruzzo,1.13,0.69,1.79,2020-09-17,2020-09-30
Basilicata,0.93,0.14,2.28,2020-09-17,2020-09-30
Bolzano,1.10,0.63,1.73,2020-09-17,2020-09-30
Calabria,1.02,0.58,1.68,2020-09-17,2020-09-30
Campania,1.24,0.94,1.50,2020-09-17,2020-09-30
Emilia R.,0.84,0.71,1.04,2020-09-17,2020-09-30
Friuli V.G.,1.09,0.80,1.42,2020-09-17,2020-09-30
Lazio,1.16,0.92,1.37,2020-09-17,2020-09-30
Liguria,1.09,0.77,1.33,2020-09-17,2020-09-30
Lombardia,0.95,0.76,1.08,2020-09-17,2020-09-30
Marche,0.91,0.59,1.25,2020-09-17,2020-09-30
Molise,0.61,0.15,1.56,2020-09-17,2020-09-30
Piemonte,1.30,0.94,1.66,2020-09-17,2020-09-30
Puglia,1.01,0.80,1.23,2020-09-17,2020-09-30
Sardegna,1.01,0.79,1.27,2020-09-17,2020-09-30
Sicilia,1.22,0.79,1.64,2020-09-17,2020-09-30
Toscana,0.99,0.78,1.29,2020-09-17,2020-09-30
Trento,1.18,0.80,1.62,2020-09-17,2020-09-30
Umbria,1.12,0.81,1.52,2020-09-17,2020-09-30
Valle d'Aosta,1.09,0.29,2.20,2020-09-17,2020-09-30
Veneto,1.13,0.94,1.34,2020-09-17,2020-09-30
Abruzzo,1.18,0.71,1.97,2020-09-24,2020-10-07
Basilicata,1.00,0.36,2.22,2020-09-24,2020-10-07
Bolzano,1.32,0.69,2.44,2020-09-24,2020-10-07
Calabria,0.94,0.54,1.51,2020-09-24,2020-10-07
Campania,1.29,1.08,1.51,2020-09-24,2020-10-07
Emilia R.,1.12,0.73,1.65,2020-09-24,2020-10-07
Friuli V.G.,1.24,0.92,1.67,2020-09-24,2020-10-07
Lazio,1.14,0.97,1.39,2020-09-24,2020-10-07
Liguria,1.02,0.73,1.51,2020-09-24,2020-10-07
Lombardia,1.15,0.89,1.65,2020-09-24,2020-10-07
Marche,1.14,0.61,1.98,2020-09-24,2020-10-07
Molise,0.83,0.14,2.44,2020-09-24,2020-10-07
Piemonte,1.39,1.02,1.83,2020-09-24,2020-10-07
Puglia,1.14,0.82,1.78,2020-09-24,2020-10-07
Sardegna,1.10,0.87,1.35,2020-09-24,2020-10-07
Sicilia,1.23,0.88,1.69,2020-09-24,2020-10-07
Toscana,1.28,0.89,1.71,2020-09-24,2020-10-07
Trento,1.15,0.89,1.52,2020-09-24,2020-10-07
Umbria,1.40,0.90,1.89,2020-09-24,2020-10-07
Valle d'Aosta,1.53,0.29,3.09,2020-09-24,2020-10-07
Veneto,1.15,0.94,1.50,2020-09-24,2020-10-07
Abruzzo,1.50,0.81,2.17,2020-10-01,2020-10-14
Basilicata,0.95,0.35,2.23,2020-10-01,2020-10-14
Bolzano,1.80,0.93,2.41,2020-10-01,2020-10-14
Calabria,1.29,0.60,2.06,2020-10-01,2020-10-14
Campania,1.45,1.09,1.95,2020-10-01,2020-10-14
Emilia R.,1.52,1.01,1.81,2020-10-01,2020-10-14
Friuli V.G.,1.38,0.97,1.73,2020-10-01,2020-10-14
Lazio,1.38,1.02,1.66,2020-10-01,2020-10-14
Liguria,1.46,0.85,1.95,2020-10-01,2020-10-14
Lombardia,1.64,1.00,1.99,2020-10-01,2020-10-14
Marche,1.47,0.85,1.96,2020-10-01,2020-10-14
Molise,1.45,0.25,2.70,2020-10-01,2020-10-14
Piemonte,1.83,1.04,2.35,2020-10-01,2020-10-14
Puglia,1.52,0.84,2.15,2020-10-01,2020-10-14
Sardegna,1.16,0.75,1.49,2020-10-01,2020-10-14
Sicilia,1.28,0.99,1.49,2020-10-01,2020-10-14
Toscana,1.51,1.10,1.85,2020-10-01,2020-10-14
Trento,1.26,0.90,1.60,2020-10-01,2020-10-14
Umbria,1.69,1.18,2.04,2020-10-01,2020-10-14
Valle d'Aosta,2.37,1.12,3.44,2020-10-01,2020-10-14
Veneto,1.54,1.01,1.97,2020-10-01,2020-10-14
Abruzzo,1.40,0.87,2.27,2020-10-08,2020-10-21
Basilicata,1.04,0.21,2.33,2020-10-08,2020-10-21
Bolzano,1.96,1.62,2.43,2020-10-08,2020-10-21
Calabria,1.66,1.04,2.22,2020-10-08,2020-10-21
Campania,1.49,0.86,2.07,2020-10-08,2020-10-21
Emilia R.,1.63,1.35,1.86,2020-10-08,2020-10-21
Friuli V.G.,1.50,1.25,1.79,2020-10-08,2020-10-21
Lazio,1.51,1.26,1.75,2020-10-08,2020-10-21
Liguria,1.54,1.12,2.01,2020-10-08,2020-10-21
Lombardia,2.09,1.77,2.30,2020-10-08,2020-10-21
Marche,1.48,0.86,2.15,2020-10-08,2020-10-21
Molise,1.86,0.91,2.92,2020-10-08,2020-10-21
Piemonte,2.16,1.77,2.60,2020-10-08,2020-10-21
Puglia,1.65,1.35,2.22,2020-10-08,2020-10-21
Sardegna,1.12,0.79,1.55,2020-10-08,2020-10-21
Sicilia,1.42,1.21,1.61,2020-10-08,2020-10-21
Toscana,1.41,0.96,1.89,2020-10-08,2020-10-21
Trento,1.50,1.18,1.81,2020-10-08,2020-10-21
Umbria,1.67,1.12,2.10,2020-10-08,2020-10-21
Valle d'Aosta,1.89,0.25,3.57,2020-10-08,2020-10-21
Veneto,1.46,1.31,1.58,2020-10-08,2020-10-21
Abruzzo,1.54,1.28,2.04,2020-10-15,2020-10-28
Basilicata,1.99,1.18,2.94,2020-10-15,2020-10-28
Bolzano,1.87,1.42,2.25,2020-10-15,2020-10-28
Calabria,1.60,1.12,2.21,2020-10-15,2020-10-28
Campania,1.57,1.27,1.86,2020-10-15,2020-10-28
Emilia R.,1.63,1.49,1.77,2020-10-15,2020-10-28
Friuli V.G.,1.60,1.36,1.83,2020-10-15,2020-10-28
Lazio,1.36,1.03,1.06,2020-10-15,2020-10-28
Liguria,1.48,1.12,1.80,2020-10-15,2020-10-28
Lombardia,2.08,1.65,2.32,2020-10-15,2020-10-28
Marche,1.29,0.91,1.68,2020-10-15,2020-10-28
Molise,1.88,0.94,3.00,2020-10-15,2020-10-28
Piemonte,1.97,1.38,2.35,2020-10-15,2020-10-28
Puglia,1.57,1.44,1.71,2020-10-15,2020-10-28
Sardegna,1.24,0.94,1.50,2020-10-15,2020-10-28
Sicilia,1.40,1.15,1.69,2020-10-15,2020-10-28
Toscana,1.53,1.26,1.96,2020-10-15,2020-10-28
Trento,1.61,1.36,1.89,2020-10-15,2020-10-28
Umbria,1.53,1.23,2.08,2020-10-15,2020-10-28
Valle d'Aosta,1.54,0.94,2.44,2020-10-15,2020-10-28
Veneto,1.56,1.37,1.70,2020-10-15,2020-10-28
Abruzzo,1.35,1.03,1.65,2020-10-22,2020-11-04
Basilicata,1.63,1.09,2.51,2020-10-22,2020-11-04
Bolzano,1.55,1.03,1.99,2020-10-22,2020-11-04
Calabria,1.30,0.87,1.72,2020-10-22,2020-11-04
Campania,1.58,1.30,1.78,2020-10-22,2020-11-04
Emilia R.,1.40,1.09,1.68,2020-10-22,2020-11-04
Friuli V.G.,1.47,1.23,1.80,2020-10-22,2020-11-04
Lazio,1.04,0.76,1.38,2020-10-22,2020-11-04
Liguria,1.20,0.95,1.58,2020-10-22,2020-11-04
Lombardia,1.61,1.08,2.33,2020-10-22,2020-11-04
Marche,1.35,0.91,1.80,2020-10-22,2020-11-04
Molise,1.32,0.74,2.35,2020-10-22,2020-11-04
Piemonte,1.37,0.78,1.99,2020-10-22,2020-11-04
Puglia,1.45,1.16,1.70,2020-10-22,2020-11-04
Sardegna,1.00,0.62,1.33,2020-10-22,2020-11-04
Sicilia,1.18,1.02,1.44,2020-10-22,2020-11-04
Toscana,1.81,1.27,2.51,2020-10-22,2020-11-04
Trento,1.32,0.93,1.74,2020-10-22,2020-11-04
Umbria,1.43,1.26,1.57,2020-10-22,2020-11-04
Valle d'Aosta,1.50,0.76,2.10,2020-10-22,2020-11-04
Veneto,1.29,0.89,1.68,2020-10-22,2020-11-04
Abruzzo,1.29,0.99,1.56,2020-10-28,2020-11-10
Basilicata,1.54,1.08,2.01,2020-10-28,2020-11-10
Bolzano,1.22,0.79,1.71,2020-10-28,2020-11-10
Calabria,1.09,0.74,1.56,2020-10-28,2020-11-10
Campania,1.30,0.93,1.73,2020-10-28,2020-11-10
Emilia R.,1.20,1.08,1.42,2020-10-28,2020-11-10
Friuli V.G.,1.29,1.04,1.54,2020-10-28,2020-11-10
Lazio,0.90,0.76,1.13,2020-10-28,2020-11-10
Liguria,0.92,0.65,1.21,2020-10-28,2020-11-10
Lombardia,1.25,0.90,1.78,2020-10-28,2020-11-10
Marche,1.27,1.01,1.78,2020-10-28,2020-11-10
Molise,1.05,0.69,1.72,2020-10-28,2020-11-10
Piemonte,1.10,0.65,1.47,2020-10-28,2020-11-10
Puglia,1.24,0.94,1.57,2020-10-28,2020-11-10
Sardegna,0.84,0.54,1.25,2020-10-28,2020-11-10
Sicilia,1.13,0.95,1.26,2020-10-28,2020-11-10
Toscana,1.44,1.14,1.88,2020-10-28,2020-11-10
Trento,1.07,0.80,1.46,2020-10-28,2020-11-10
Umbria,1.09,0.46,1.56,2020-10-28,2020-11-10
Valle d'Aosta,1.23,1.04,1.60,2020-10-28,2020-11-10
Veneto,1.23,1.12,1.40,2020-10-28,2020-11-10
Abruzzo,1.11,0.84,1.47,2020-11-04,2020-11-17
Basilicata,1.22,0.74,1.69,2020-11-04,2020-11-17
Bolzano,1.03,0.80,1.30,2020-11-04,2020-11-17
Calabria,0.94,0.56,1.34,2020-11-04,2020-11-17
Campania,0.94,0.72,1.20,2020-11-04,2020-11-17
Emilia R.,1.11,1.02,1.20,2020-11-04,2020-11-17
Friuli V.G.,1.17,1.03,1.38,2020-11-04,2020-11-17
Lazio,0.96,0.82,1.16,2020-11-04,2020-11-17
Liguria,0.77,0.67,0.96,2020-11-04,2020-11-17
Lombardia,1.24,0.91,1.53,2020-11-04,2020-11-17
Marche,0.97,0.71,1.27,2020-11-04,2020-11-17
Molise,1.12,0.68,1.92,2020-11-04,2020-11-17
Piemonte,0.90,0.55,1.18,2020-11-04,2020-11-17
Puglia,1.06,0.84,1.40,2020-11-04,2020-11-17
Sardegna,0.72,0.47,0.93,2020-11-04,2020-11-17
Sicilia,1.05,0.73,1.31,2020-11-04,2020-11-17
Toscana,1.24,1.06,1.48,2020-11-04,2020-11-17
Trento,0.90,0.68,1.15,2020-11-04,2020-11-17
Umbria,0.86,0.67,1.25,2020-11-04,2020-11-17
Valle d'Aosta,1.01,0.77,1.24,2020-11-04,2020-11-17
Veneto,1.23,1.15,1.29,2020-11-04,2020-11-17
Abruzzo,0.90,0.73,1.14,2020-11-11,2020-11-24
Basilicata,0.86,0.57,1.36,2020-11-11,2020-11-24
Bolzano,0.83,0.62,1.08,2020-11-11,2020-11-24
Calabria,0.95,0.69,1.15,2020-11-11,2020-11-24
Campania,0.84,0.70,1.07,2020-11-11,2020-11-24
Emilia R.,0.99,0.88,1.13,2020-11-11,2020-11-24
Friuli V.G.,1.03,0.87,1.19,2020-11-11,2020-11-24
Lazio,0.94,0.67,1.15,2020-11-11,2020-11-24
Liguria,0.69,0.60,0.81,2020-11-11,2020-11-24
Lombardia,0.97,0.76,1.20,2020-11-11,2020-11-24
Marche,0.81,0.65,1.01,2020-11-11,2020-11-24
Molise,1.37,0.77,2.24,2020-11-11,2020-11-24
Piemonte,0.76,0.63,0.96,2020-11-11,2020-11-24
Puglia,0.92,0.70,1.12,2020-11-11,2020-11-24
Sardegna,0.67,0.51,0.90,2020-11-11,2020-11-24
Sicilia,0.84,0.62,1.16,2020-11-11,2020-11-24
Toscana,1.03,0.84,1.23,2020-11-11,2020-11-24
Trento,0.83,0.72,0.99,2020-11-11,2020-11-24
Umbria,0.71,0.56,0.86,2020-11-11,2020-11-24
Valle d'Aosta,0.81,0.59,1.08,2020-11-11,2020-11-24
Veneto,1.11,0.95,1.22,2020-11-11,2020-11-24
Abruzzo,0.82,0.72,0.93,2020-11-18,2020-12-01
Basilicata,0.66,0.46,0.87,2020-11-18,2020-12-01
Bolzano,0.74,0.63,0.89,2020-11-18,2020-12-01
Calabria,0.76,0.52,1.11,2020-11-18,2020-12-01
Campania,0.71,0.56,0.82,2020-11-18,2020-12-01
Emilia R.,0.88,0.78,1.03,2020-11-18,2020-12-01
Friuli V.G.,0.91,0.61,1.12,2020-11-18,2020-12-01
Lazio,0.82,0.65,1.10,2020-11-18,2020-12-01
Liguria,0.68,0.59,0.84,2020-11-18,2020-12-01
Lombardia,0.85,0.80,0.93,2020-11-18,2020-12-01
Marche,0.87,0.67,1.26,2020-11-18,2020-12-01
Molise,1.48,0.99,2.06,2020-11-18,2020-12-01
Piemonte,0.68,0.63,0.76,2020-11-18,2020-12-01
Puglia,0.87,0.76,1.01,2020-11-18,2020-12-01
Sardegna,0.73,0.60,0.89,2020-11-18,2020-12-01
Sicilia,0.72,0.59,0.88,2020-11-18,2020-12-01
Toscana,0.81,0.67,0.99,2020-11-18,2020-12-01
Trento,0.89,0.76,1.00,2020-11-18,2020-12-01
Umbria,0.73,0.61,0.91,2020-11-18,2020-12-01
Valle d'Aosta,0.67,0.53,0.88,2020-11-18,2020-12-01
Veneto,1.01,0.89,1.19,2020-11-18,2020-12-01
Abruzzo,0.82,0.78,0.86,2020-11-25,2020-12-08
Basilicata,0.61,0.51,0.73,2020-11-25,2020-12-08
Bolzano,0.81,0.76,0.86,2020-11-25,2020-12-08
Calabria,0.74,0.67,0.82,2020-11-25,2020-12-08
Campania,0.59,0.56,0.62,2020-11-25,2020-12-08
Emilia R.,0.84,0.82,0.86,2020-11-25,2020-12-08
Friuli V.G.,0.70,0.67,0.74,2020-11-25,2020-12-08
Lazio,1.04,1.00,1.07,2020-11-25,2020-12-08
Liguria,0.73,0.68,0.78,2020-11-25,2020-12-08
Lombardia,1.02,1.00,1.04,2020-11-25,2020-12-08
Marche,0.97,0.87,1.07,2020-11-25,2020-12-08
Molise,1.16,0.94,1.42,2020-11-25,2020-12-08
Piemonte,0.68,0.66,0.70,2020-11-25,2020-12-08
Puglia,0.90,0.87,0.93,2020-11-25,2020-12-08
Sardegna,0.83,0.75,0.90,2020-11-25,2020-12-08
Sicilia,0.72,0.69,0.75,2020-11-25,2020-12-08
Toscana,0.68,0.65,0.71,2020-11-25,2020-12-08
Trento,1.05,0.97,1.13,2020-11-25,2020-12-08
Umbria,0.75,0.70,0.80,2020-11-25,2020-12-08
Valle d'Aosta,0.57,0.48,0.66,2020-11-25,2020-12-08
Veneto,1.08,1.06,1.09,2020-11-25,2020-12-08
Abruzzo,0.73,0.59,0.91,2020-12-01,2020-12-14
Basilicata,0.77,0.51,1.23,2020-12-01,2020-12-14
Bolzano,0.76,0.66,0.89,2020-12-01,2020-12-14
Calabria,0.84,0.67,1.19,2020-12-01,2020-12-14
Campania,0.66,0.53,0.88,2020-12-01,2020-12-14
Emilia R.,0.88,0.79,1.09,2020-12-01,2020-12-14
Friuli V.G.,0.80,0.67,1.12,2020-12-01,2020-12-14
Lazio,0.98,0.81,1.15,2020-12-01,2020-12-14
Liguria,0.88,0.70,1.19,2020-12-01,2020-12-14
Lombardia,0.96,0.84,1.08,2020-12-01,2020-12-14
Marche,0.93,0.67,1.25,2020-12-01,2020-12-14
Molise,1.07,0.56,1.77,2020-12-01,2020-12-14
Piemonte,0.68,0.62,0.74,2020-12-01,2020-12-14
Puglia,0.97,0.84,1.06,2020-12-01,2020-12-14
Sardegna,0.82,0.67,1.01,2020-12-01,2020-12-14
Sicilia,0.80,0.71,1.01,2020-12-01,2020-12-14
Toscana,0.71,0.60,0.88,2020-12-01,2020-12-14
Trento,0.90,0.47,1.45,2020-12-01,2020-12-14
Umbria,0.78,0.70,0.93,2020-12-01,2020-12-14
Valle d'Aosta,0.68,0.48,1.05,2020-12-01,2020-12-14
Veneto,1.13,1.07,1.19,2020-12-01,2020-12-14
Abruzzo,0.69,0.60,0.87,2020-12-08,2020-12-21
Basilicata,1.17,0.57,1.90,2020-12-08,2020-12-21
Bolzano,0.75,0.66,0.88,2020-12-08,2020-12-21
Calabria,1.03,0.70,1.37,2020-12-08,2020-12-21
Campania,0.80,0.63,1.08,2020-12-08,2020-12-21
Emilia R.,0.96,0.81,1.13,2020-12-08,2020-12-21
Friuli V.G.,0.90,0.75,1.08,2020-12-08,2020-12-21
Lazio,0.89,0.80,1.04,2020-12-08,2020-12-21
Liguria,1.00,0.78,1.13,2020-12-08,2020-12-21
Lombardia,0.97,0.81,1.10,2020-12-08,2020-12-21
Marche,0.96,0.72,1.15,2020-12-08,2020-12-21
Molise,1.05,0.64,1.80,2020-12-08,2020-12-21
Piemonte,0.76,0.60,1.02,2020-12-08,2020-12-21
Puglia,0.96,0.87,1.08,2020-12-08,2020-12-21
Sardegna,0.83,0.70,1.07,2020-12-08,2020-12-21
Sicilia,0.92,0.74,1.13,2020-12-08,2020-12-21
Toscana,0.79,0.64,1.04,2020-12-08,2020-12-21
Trento,0.70,0.55,0.85,2020-12-08,2020-12-21
Umbria,0.82,0.70,1.12,2020-12-08,2020-12-21
Valle d'Aosta,0.84,0.47,1.38,2020-12-08,2020-12-21
Veneto,1.08,1.01,1.15,2020-12-08,2020-12-21
Abruzzo,0.89,0.63,1.20,2020-12-15,2020-12-28
Basilicata,0.90,0.48,1.54,2020-12-15,2020-12-28
Bolzano,0.91,0.69,1.42,2020-12-15,2020-12-28
Calabria,1.15,0.98,1.31,2020-12-15,2020-12-28
Campania,0.79,0.67,0.92,2020-12-15,2020-12-28
Emilia R.,1.07,0.96,1.29,2020-12-15,2020-12-28
Friuli V.G.,1.00,0.86,1.21,2020-12-15,2020-12-28
Lazio,0.99,0.81,1.22,2020-12-15,2020-12-28
Liguria,1.06,0.93,1.29,2020-12-15,2020-12-28
Lombardia,1.22,1.13,1.33,2020-12-15,2020-12-28
Marche,0.98,0.79,1.27,2020-12-15,2020-12-28
Molise,1.03,0.49,1.64,2020-12-15,2020-12-28
Piemonte,0.93,0.70,1.12,2020-12-15,2020-12-28
Puglia,1.03,0.94,1.18,2020-12-15,2020-12-28
Sardegna,0.95,0.78,1.11,2020-12-15,2020-12-28
Sicilia,1.03,0.93,1.16,2020-12-15,2020-12-28
Toscana,0.91,0.73,1.17,2020-12-15,2020-12-28
Trento,0.87,0.69,1.08,2020-12-15,2020-12-28
Umbria,1.00,0.74,1.43,2020-12-15,2020-12-28
Valle d'Aosta,1.09,0.68,1.58,2020-12-15,2020-12-28
Veneto,1.00,0.94,1.11,2020-12-15,2020-12-28
Abruzzo,1.12,0.88,1.27,2020-12-23,2021-01-05
Basilicata,1.22,0.93,1.62,2020-12-23,2021-01-05
Bolzano,1.24,0.83,1.58,2020-12-23,2021-01-05
Calabria,1.10,0.94,1.27,2020-12-23,2021-01-05
Campania,0.85,0.67,1.08,2020-12-23,2021-01-05
Emilia R.,1.12,1.05,1.20,2020-12-23,2021-01-05
Friuli V.G.,0.93,0.74,1.11,2020-12-23,2021-01-05
Lazio,1.07,0.93,1.22,2020-12-23,2021-01-05
Liguria,1.09,0.95,1.23,2020-12-23,2021-01-05
Lombardia,1.39,1.31,1.47,2020-12-23,2021-01-05
Marche,1.01,0.87,1.25,2020-12-23,2021-01-05
Molise,0.98,0.46,1.65,2020-12-23,2021-01-05
Piemonte,1.09,0.96,1.18,2020-12-23,2021-01-05
Puglia,1.14,1.00,1.25,2020-12-23,2021-01-05
Sardegna,1.00,0.89,1.18,2020-12-23,2021-01-05
Sicilia,1.18,1.00,1.43,2020-12-23,2021-01-05
Toscana,1.02,0.86,1.25,2020-12-23,2021-01-05
Trento,0.93,0.58,1.16,2020-12-23,2021-01-05
Umbria,1.21,0.96,1.38,2020-12-23,2021-01-05
Valle d'Aosta,1.23,0.85,1.71,2020-12-23,2021-01-05
Veneto,0.95,0.86,1.02,2020-12-23,2021-01-05
Abruzzo,1.05,0.80,1.28,2020-12-30,2021-01-12
Basilicata,1.17,0.87,1.54,2020-12-30,2021-01-12
Bolzano,1.08,0.60,1.63,2020-12-30,2021-01-12
Calabria,1.00,0.73,1.23,2020-12-30,2021-01-12
Campania,0.90,0.59,1.40,2020-12-30,2021-01-12
Emilia R.,1.00,0.85,1.20,2020-12-30,2021-01-12
Friuli V.G.,0.89,0.65,1.15,2020-12-30,2021-01-12
Lazio,0.97,0.77,1.22,2020-12-30,2021-01-12
Liguria,1.04,0.92,1.21,2020-12-30,2021-01-12
Lombardia,0.84,0.75,0.93,2020-12-30,2021-01-12
Marche,0.99,0.84,1.18,2020-12-30,2021-01-12
Molise,1.29,0.47,2.41,2020-12-30,2021-01-12
Piemonte,1.05,0.85,1.20,2020-12-30,2021-01-12
Puglia,1.10,0.93,1.28,2020-12-30,2021-01-12
Sardegna,0.97,0.81,1.11,2020-12-30,2021-01-12
Sicilia,1.27,1.13,1.38,2020-12-30,2021-01-12
Toscana,1.01,0.87,1.12,2020-12-30,2021-01-12
Trento,0.89,0.41,1.33,2020-12-30,2021-01-12
Umbria,1.11,0.93,1.37,2020-12-30,2021-01-12
Valle d'Aosta,1.08,0.68,1.51,2020-12-30,2021-01-12
Veneto,0.83,0.67,1.00,2020-12-30,2021-01-12
Abruzzo,0.92,0.75,1.18,2021-01-06,2021-01-19
Basilicata,0.89,0.41,1.36,2021-01-06,2021-01-19
Bolzano,0.88,0.72,1.13,2021-01-06,2021-01-19
Calabria,0.86,0.59,1.18,2021-01-06,2021-01-19
Campania,0.94,0.74,1.15,2021-01-06,2021-01-19
Emilia R.,0.84,0.73,1.00,2021-01-06,2021-01-19
Friuli V.G.,0.82,0.64,1.10,2021-01-06,2021-01-19
Lazio,0.80,0.70,0.99,2021-01-06,2021-01-19
Liguria,0.94,0.80,1.13,2021-01-06,2021-01-19
Lombardia,0.92,0.79,1.05,2021-01-06,2021-01-19
Marche,0.95,0.78,1.14,2021-01-06,2021-01-19
Molise,1.39,0.80,2.16,2021-01-06,2021-01-19
Piemonte,0.89,0.76,1.09,2021-01-06,2021-01-19
Puglia,0.95,0.84,1.15,2021-01-06,2021-01-19
Sardegna,0.85,0.65,1.10,2021-01-06,2021-01-19
Sicilia,1.04,0.75,1.35,2021-01-06,2021-01-19
Toscana,0.96,0.86,1.15,2021-01-06,2021-01-19
Trento,0.67,0.34,1.14,2021-01-06,2021-01-19
Umbria,1.03,0.89,1.30,2021-01-06,2021-01-19
Valle d'Aosta,0.92,0.63,1.32,2021-01-06,2021-01-19
Veneto,0.68,0.57,0.84,2021-01-06,2021-01-19
Abruzzo,1.00,0.78,1.43,2021-01-13,2021-01-26
Basilicata,0.83,0.42,1.54,2021-01-13,2021-01-26
Bolzano,1.00,0.76,1.20,2021-01-13,2021-01-26
Calabria,0.85,0.69,1.09,2021-01-13,2021-01-26
Campania,0.85,0.69,1.07,2021-01-13,2021-01-26
Emilia R.,0.84,0.72,1.06,2021-01-13,2021-01-26
Friuli V.G.,0.96,0.67,1.24,2021-01-13,2021-01-26
Lazio,0.82,0.70,1.06,2021-01-13,2021-01-26
Liguria,0.96,0.80,1.25,2021-01-13,2021-01-26
Lombardia,0.90,0.77,1.03,2021-01-13,2021-01-26
Marche,0.96,0.84,1.18,2021-01-13,2021-01-26
Molise,1.13,0.62,1.94,2021-01-13,2021-01-26
Piemonte,0.82,0.72,0.99,2021-01-13,2021-01-26
Puglia,0.94,0.83,1.19,2021-01-13,2021-01-26
Sardegna,0.79,0.64,0.99,2021-01-13,2021-01-26
Sicilia,0.78,0.66,1.04,2021-01-13,2021-01-26
Toscana,1.02,0.87,1.31,2021-01-13,2021-01-26
Trento,0.60,0.47,0.72,2021-01-13,2021-01-26
Umbria,1.16,0.90,1.47,2021-01-13,2021-01-26
Valle d'Aosta,0.83,0.58,1.16,2021-01-13,2021-01-26
Veneto,0.65,0.58,0.80,2021-01-13,2021-01-26
Abruzzo,1.18,0.94,1.39,2021-01-20,2021-02-02
Basilicata,0.99,0.53,1.45,2021-01-20,2021-02-02
Bolzano,1.38,1.15,1.75,2021-01-20,2021-02-02
Calabria,0.84,0.70,1.01,2021-01-20,2021-02-02
Campania,0.90,0.69,1.36,2021-01-20,2021-02-02
Emilia R.,0.95,0.82,1.19,2021-01-20,2021-02-02
Friuli V.G.,0.98,0.83,1.11,2021-01-20,2021-02-02
Lazio,0.94,0.82,1.07,2021-01-20,2021-02-02
Liguria,1.06,0.91,1.21,2021-01-20,2021-02-02
Lombardia,0.98,0.83,1.09,2021-01-20,2021-02-02
Marche,0.95,0.82,1.08,2021-01-20,2021-02-02
Molise,1.06,0.56,1.80,2021-01-20,2021-02-02
Piemonte,0.90,0.77,1.02,2021-01-20,2021-02-02
Puglia,1.03,0.89,1.14,2021-01-20,2021-02-02
Sardegna,0.87,0.76,0.99,2021-01-20,2021-02-02
Sicilia,0.71,0.63,0.82,2021-01-20,2021-02-02
Toscana,1.12,0.93,1.39,2021-01-20,2021-02-02
Trento,1.15,0.89,1.53,2021-01-20,2021-02-02
Umbria,1.24,1.10,1.39,2021-01-20,2021-02-02
Valle d'Aosta,0.90,0.56,1.44,2021-01-20,2021-02-02
Veneto,0.73,0.64,0.92,2021-01-20,2021-02-02
Abruzzo,1.21,1.09,1.35,2021-01-27,2021-02-09
Basilicata,1.15,0.66,2.20,2021-01-27,2021-02-09
Bolzano,1.14,0.99,1.31,2021-01-27,2021-02-09
Calabria,0.84,0.67,1.10,2021-01-27,2021-02-09
Campania,1.08,0.75,1.35,2021-01-27,2021-02-09
Emilia R.,1.05,0.91,1.23,2021-01-27,2021-02-09
Friuli V.G.,0.87,0.75,1.04,2021-01-27,2021-02-09
Lazio,0.97,0.91,1.05,2021-01-27,2021-02-09
Liguria,1.06,0.97,1.14,2021-01-27,2021-02-09
Lombardia,1.01,0.91,1.21,2021-01-27,2021-02-09
Marche,0.96,0.81,1.18,2021-01-27,2021-02-09
Molise,1.26,0.72,1.94,2021-01-27,2021-02-09
Piemonte,0.98,0.89,1.12,2021-01-27,2021-02-09
Puglia,1.02,0.95,1.11,2021-01-27,2021-02-09
Sardegna,0.78,0.59,0.96,2021-01-27,2021-02-09
Sicilia,0.72,0.65,0.79,2021-01-27,2021-02-09
Toscana,1.20,1.02,1.42,2021-01-27,2021-02-09
Trento,1.22,1.05,1.42,2021-01-27,2021-02-09
Umbria,1.19,1.08,1.31,2021-01-27,2021-02-09
Valle d'Aosta,0.90,0.57,1.36,2021-01-27,2021-02-09
Veneto,0.83,0.69,1.11,2021-01-27,2021-02-09
Abruzzo,1.15,1.01,1.29,2021-02-03,2021-02-16
Basilicata,1.37,0.82,1.92,2021-02-03,2021-02-16
Bolzano,0.98,0.80,1.22,2021-02-03,2021-02-16
Calabria,0.89,0.69,1.12,2021-02-03,2021-02-16
Campania,1.09,0.85,1.32,2021-02-03,2021-02-16
Emilia R.,1.12,1.04,1.23,2021-02-03,2021-02-16
Friuli V.G.,0.85,0.76,1.05,2021-02-03,2021-02-16
Lazio,0.95,0.85,1.03,2021-02-03,2021-02-16
Liguria,1.01,0.88,1.16,2021-02-03,2021-02-16
Lombardia,0.84,0.62,1.02,2021-02-03,2021-02-16
Marche,1.03,0.84,1.38,2021-02-03,2021-02-16
Molise,1.39,0.80,2.26,2021-02-03,2021-02-16
Piemonte,1.03,0.92,1.18,2021-02-03,2021-02-16
Puglia,0.95,0.87,1.04,2021-02-03,2021-02-16
Sardegna,0.70,0.58,0.84,2021-02-03,2021-02-16
Sicilia,0.73,0.65,0.86,2021-02-03,2021-02-16
Toscana,1.20,1.12,1.33,2021-02-03,2021-02-16
Trento,1.15,0.97,1.37,2021-02-03,2021-02-16
Umbria,1.05,0.82,1.26,2021-02-03,2021-02-16
Valle d'Aosta,1.02,0.59,1.87,2021-02-03,2021-02-16
Veneto,0.96,0.78,1.21,2021-02-03,2021-02-16
Abruzzo,1.05,0.91,1.22,2021-02-10,2021-02-23
Basilicata,1.38,0.95,1.85,2021-02-10,2021-02-23
Bolzano,0.78,0.61,0.96,2021-02-10,2021-02-23
Calabria,0.88,0.65,1.16,2021-02-10,2021-02-23
Campania,1.14,0.80,1.87,2021-02-10,2021-02-23
Emilia R.,1.18,1.07,1.41,2021-02-10,2021-02-23
Friuli V.G.,0.97,0.78,1.31,2021-02-10,2021-02-23
Lazio,1.05,0.88,1.35,2021-02-10,2021-02-23
Liguria,1.03,0.89,1.25,2021-02-10,2021-02-23
Lombardia,1.09,0.95,1.15,2021-02-10,2021-02-23
Marche,1.09,0.95,1.30,2021-02-10,2021-02-23
Molise,1.43,0.78,2.07,2021-02-10,2021-02-23
Piemonte,1.18,1.00,1.42,2021-02-10,2021-02-23
Puglia,1.00,0.86,1.27,2021-02-10,2021-02-23
Sardegna,0.73,0.59,1.01,2021-02-10,2021-02-23
Sicilia,0.81,0.69,1.02,2021-02-10,2021-02-23
Toscana,1.21,1.06,1.40,2021-02-10,2021-02-23
Trento,1.09,0.95,1.26,2021-02-10,2021-02-23
Umbria,0.89,0.76,1.13,2021-02-10,2021-02-23
Valle d'Aosta,1.21,0.67,1.76,2021-02-10,2021-02-23
Veneto,1.12,0.94,1.41,2021-02-10,2021-02-23
Abruzzo,1.00,0.85,1.12,2021-02-17,2021-03-02
Basilicata,1.39,0.96,1.83,2021-02-17,2021-03-02
Bolzano,0.63,0.51,0.78,2021-02-17,2021-03-02
Calabria,0.91,0.65,1.37,2021-02-17,2021-03-02
Campania,1.30,0.84,1.60,2021-02-17,2021-03-02
Emilia R.,1.26,1.13,1.38,2021-02-17,2021-03-02
Friuli V.G.,1.25,0.90,1.48,2021-02-17,2021-03-02
Lazio,1.18,0.97,1.36,2021-02-17,2021-03-02
Liguria,1.08,0.92,1.21,2021-02-17,2021-03-02
Lombardia,1.23,1.03,1.35,2021-02-17,2021-03-02
Marche,1.10,0.94,1.27,2021-02-17,2021-03-02
Molise,1.17,0.54,2.05,2021-02-17,2021-03-02
Piemonte,1.31,1.12,1.47,2021-02-17,2021-03-02
Puglia,1.14,0.91,1.28,2021-02-17,2021-03-02
Sardegna,0.86,0.61,1.09,2021-02-17,2021-03-02
Sicilia,0.97,0.83,1.07,2021-02-17,2021-03-02
Toscana,1.19,1.06,1.29,2021-02-17,2021-03-02
Trento,1.04,0.85,1.18,2021-02-17,2021-03-02
Umbria,0.82,0.74,0.95,2021-02-17,2021-03-02
Valle d'Aosta,1.33,0.85,1.79,2021-02-17,2021-03-02
Veneto,1.21,1.06,1.35,2021-02-17,2021-03-02
Abruzzo,0.94,0.78,1.10,2021-02-24,2021-03-09
Basilicata,1.14,0.81,1.46,2021-02-24,2021-03-09
Bolzano,0.62,0.51,0.79,2021-02-24,2021-03-09
Calabria,1.19,0.77,1.55,2021-02-24,2021-03-09
Campania,1.56,1.02,1.80,2021-02-24,2021-03-09
Emilia R.,1.19,0.96,1.40,2021-02-24,2021-03-09
Friuli V.G.,1.38,1.13,1.54,2021-02-24,2021-03-09
Lazio,1.13,0.94,1.38,2021-02-24,2021-03-09
Liguria,1.05,0.94,1.19,2021-02-24,2021-03-09
Lombardia,1.16,0.93,1.37,2021-02-24,2021-03-09
Marche,1.18,1.03,1.31,2021-02-24,2021-03-09
Molise,0.96,0.54,1.45,2021-02-24,2021-03-09
Piemonte,1.30,1.04,1.47,2021-02-24,2021-03-09
Puglia,1.21,1.04,1.33,2021-02-24,2021-03-09
Sardegna,1.02,0.82,1.21,2021-02-24,2021-03-09
Sicilia,1.02,0.88,1.11,2021-02-24,2021-03-09
Toscana,1.12,1.05,1.26,2021-02-24,2021-03-09
Trento,0.97,0.85,1.10,2021-02-24,2021-03-09
Umbria,0.91,0.75,1.06,2021-02-24,2021-03-09
Valle d'Aosta,1.44,1.02,1.98,2021-02-24,2021-03-09
Veneto,1.24,1.15,1.33,2021-02-24,2021-03-09
Abruzzo,0.89,0.79,1.01,2021-03-03,2021-03-16
Basilicata,1.02,0.71,1.44,2021-03-03,2021-03-16
Bolzano,0.74,0.56,0.88,2021-03-03,2021-03-16
Calabria,1.37,1.14,1.59,2021-03-03,2021-03-16
Campania,1.28,0.90,1.75,2021-03-03,2021-03-16
Emilia R.,1.00,0.81,1.21,2021-03-03,2021-03-16
Friuli V.G.,1.23,0.88,1.49,2021-03-03,2021-03-16
Lazio,1.01,0.92,1.14,2021-03-03,2021-03-16
Liguria,1.00,0.92,1.11,2021-03-03,2021-03-16
Lombardia,1.06,0.79,1.23,2021-03-03,2021-03-16
Marche,1.14,0.96,1.32,2021-03-03,2021-03-16
Molise,1.08,0.65,1.61,2021-03-03,2021-03-16
Piemonte,1.16,0.83,1.39,2021-03-03,2021-03-16
Puglia,1.17,1.00,1.32,2021-03-03,2021-03-16
Sardegna,1.06,0.84,1.30,2021-03-03,2021-03-16
Sicilia,1.01,0.91,1.13,2021-03-03,2021-03-16
Toscana,1.09,1.04,1.13,2021-03-03,2021-03-16
Trento,0.94,0.79,1.07,2021-03-03,2021-03-16
Umbria,0.95,0.81,1.11,2021-03-03,2021-03-16
Valle d'Aosta,1.61,1.03,2.20,2021-03-03,2021-03-16
Veneto,1.22,1.06,1.34,2021-03-03,2021-03-16
Abruzzo,0.83,0.72,0.93,2021-03-10,2021-03-23
Basilicata,1.07,0.69,1.52,2021-03-10,2021-03-23
Bolzano,0.81,0.69,1.02,2021-03-10,2021-03-23
Calabria,1.29,0.85,1.71,2021-03-10,2021-03-23
Campania,1.22,0.96,1.46,2021-03-10,2021-03-23
Emilia R.,0.87,0.78,1.02,2021-03-10,2021-03-23
Friuli V.G.,1.01,0.72,1.31,2021-03-10,2021-03-23
Lazio,0.96,0.83,1.04,2021-03-10,2021-03-23
Liguria,1.03,0.95,1.14,2021-03-10,2021-03-23
Lombardia,0.92,0.72,1.13,2021-03-10,2021-03-23
Marche,1.03,0.77,1.26,2021-03-10,2021-03-23
Molise,1.04,0.50,1.58,2021-03-10,2021-03-23
Piemonte,0.98,0.74,1.22,2021-03-10,2021-03-23
Puglia,1.10,0.95,1.23,2021-03-10,2021-03-23
Sardegna,1.18,0.92,1.54,2021-03-10,2021-03-23
Sicilia,1.09,0.98,1.21,2021-03-10,2021-03-23
Toscana,1.06,1.00,1.11,2021-03-10,2021-03-23
Trento,0.89,0.78,1.08,2021-03-10,2021-03-23
Umbria,0.88,0.75,1.03,2021-03-10,2021-03-23
Valle d'Aosta,1.61,1.22,2.20,2021-03-10,2021-03-23
Veneto,1.11,0.90,1.28,2021-03-10,2021-03-23
Abruzzo,0.86,0.75,0.99,2021-03-17,2021-03-30
Basilicata,1.16,0.81,1.56,2021-03-17,2021-03-30
Bolzano,0.85,0.70,1.03,2021-03-17,2021-03-30
Calabria,1.01,0.68,1.44,2021-03-17,2021-03-30
Campania,1.22,0.98,1.47,2021-03-17,2021-03-30
Emilia R.,0.82,0.78,0.85,2021-03-17,2021-03-30
Friuli Venezia Giulia,0.83,0.67,1.03,2021-03-17,2021-03-30
Lazio,0.90,0.76,1.01,2021-03-17,2021-03-30
Liguria,1.11,0.91,1.24,2021-03-17,2021-03-30
Lombardia,0.84,0.70,0.94,2021-03-17,2021-03-30
Marche,0.91,0.77,1.12,2021-03-17,2021-03-30
Molise,0.90,0.51,1.39,2021-03-17,2021-03-30
Piemonte,0.88,0.67,1.01,2021-03-17,2021-03-30
Puglia,1.04,0.84,1.18,2021-03-17,2021-03-30
Sardegna,1.42,1.10,1.68,2021-03-17,2021-03-30
Sicilia,1.15,0.91,1.32,2021-03-17,2021-03-30
Toscana,1.03,0.99,1.09,2021-03-17,2021-03-30
Trento,0.85,0.64,0.96,2021-03-17,2021-03-30
Umbria,0.90,0.76,1.06,2021-03-17,2021-03-30
Valle d'Aosta,1.41,1.21,1.72,2021-03-17,2021-03-30
Veneto,0.96,0.74,1.16,2021-03-17,2021-03-30
Abruzzo,0.89,0.73,1.02,2021-03-24,2021-04-06
Basilicata,1.12,0.86,1.42,2021-03-24,2021-04-06
Bolzano,0.89,0.73,1.07,2021-03-24,2021-04-06
Calabria,0.92,0.73,1.14,2021-03-24,2021-04-06
Campania,1.02,0.81,1.25,2021-03-24,2021-04-06
Emilia R.,0.78,0.68,0.86,2021-03-24,2021-04-06
Friuli Venezia Giulia,0.70,0.56,0.84,2021-03-24,2021-04-06
Lazio,0.81,0.68,0.95,2021-03-24,2021-04-06
Liguria,1.02,0.74,1.28,2021-03-24,2021-04-06
Lombardia,0.77,0.56,0.89,2021-03-24,2021-04-06
Marche,0.79,0.43,0.97,2021-03-24,2021-04-06
Molise,0.92,0.51,1.99,2021-03-24,2021-04-06
Piemonte,0.76,0.57,0.94,2021-03-24,2021-04-06
Puglia,0.92,0.73,1.12,2021-03-24,2021-04-06
Sardegna,1.31,0.73,1.72,2021-03-24,2021-04-06
Sicilia,1.08,0.88,1.30,2021-03-24,2021-04-06
Toscana,0.99,0.89,1.05,2021-03-24,2021-04-06
Trento,0.75,0.56,0.95,2021-03-24,2021-04-06
Umbria,0.89,0.69,1.09,2021-03-24,2021-04-06
Valle d'Aosta,1.27,0.87,1.59,2021-03-24,2021-04-06
Veneto,0.82,0.64,0.99,2021-03-24,2021-04-06
Abruzzo,0.85,0.74,0.99,2021-03-31,2021-04-13
Basilicata,1.15,0.90,1.44,2021-03-31,2021-04-13
Bolzano,0.78,0.58,0.96,2021-03-31,2021-04-13
Calabria,0.93,0.71,1.10,2021-03-31,2021-04-13
Campania,0.97,0.84,1.12,2021-03-31,2021-04-13
Emilia R.,0.76,0.69,0.83,2021-03-31,2021-04-13
Friuli Venezia Giulia,0.66,0.57,0.75,2021-03-31,2021-04-13
Lazio,0.80,0.73,0.88,2021-03-31,2021-04-13
Liguria,0.85,0.75,1.04,2021-03-31,2021-04-13
Lombardia,0.74,0.68,0.83,2021-03-31,2021-04-13
Marche,0.76,0.60,0.99,2021-03-31,2021-04-13
Molise,1.16,0.52,2.10,2021-03-31,2021-04-13
Piemonte,0.70,0.64,0.80,2021-03-31,2021-04-13
Puglia,0.87,0.79,0.97,2021-03-31,2021-04-13
Sardegna,1.03,0.68,1.54,2021-03-31,2021-04-13
Sicilia,1.07,1.00,1.17,2021-03-31,2021-04-13
Toscana,0.92,0.84,1.01,2021-03-31,2021-04-13
Trento,0.75,0.56,1.00,2021-03-31,2021-04-13
Umbria,0.88,0.71,1.06,2021-03-31,2021-04-13
Valle d'Aosta,0.98,0.73,1.36,2021-03-31,2021-04-13
Veneto,0.77,0.67,0.88,2021-03-31,2021-04-13
Abruzzo,0.81,0.70,0.91,2021-04-07,2021-04-20
Basilicata,1.09,0.85,1.42,2021-04-07,2021-04-20
Bolzano,0.89,0.63,1.12,2021-04-07,2021-04-20
Calabria,0.81,0.54,1.17,2021-04-07,2021-04-20
Campania,1.02,0.90,1.14,2021-04-07,2021-04-20
Emilia R.,0.80,0.71,0.93,2021-04-07,2021-04-20
Friuli Venezia Giulia,0.69,0.59,0.77,2021-04-07,2021-04-20
Lazio,0.85,0.77,0.94,2021-04-07,2021-04-20
Liguria,0.84,0.76,0.99,2021-04-07,2021-04-20
Lombardia,0.80,0.72,0.86,2021-04-07,2021-04-20
Marche,0.81,0.65,1.07,2021-04-07,2021-04-20
Molise,1.24,0.56,2.12,2021-04-07,2021-04-20
Piemonte,0.75,0.67,0.80,2021-04-07,2021-04-20
Puglia,0.88,0.80,0.97,2021-04-07,2021-04-20
Sardegna,0.84,0.63,1.10,2021-04-07,2021-04-20
Sicilia,1.05,0.82,1.19,2021-04-07,2021-04-20
Toscana,0.89,0.84,0.94,2021-04-07,2021-04-20
Trento,0.86,0.70,1.05,2021-04-07,2021-04-20
Umbria,0.91,0.75,1.07,2021-04-07,2021-04-20
Valle d'Aosta,0.85,0.72,1.06,2021-04-07,2021-04-20
Veneto,0.83,0.69,0.92,2021-04-07,2021-04-20
