{
    "name": "Basilicata",
    "container_id": "345a52fe75b9f76c0bf2728fbe16958ca2e35631bd65ced94b9a129b79c2ec44",
    "run_context": {
        "app": "seasonalnoisedMCMC_generic",
        "image": "covid-run-apps",
        "args": {
            "PICKLEPREFIX": "2021-04-07_futbound_08_12",
            "DATA_COL_NAME": "nuovi_positivi",
            "PASTDAYS_START": 0,
            "PASTDAYS_END": 0,
            "FUTUREDRAWS": 5,
            "TOT_CHAIN_LEN": 100,
            "LOWER_RATIO": 0.8,
            "UPPER_RATIO": 1.2,
            "MC_TARGETACCEPT": 0.95,
            "MC_TUNE": 2000,
            "MC_DRAWS": 1000,
            "MC_CORES": 8,
            "REGION": "Basilicata"
        },
        "data_dir": {
            "source": "/home/ubuntu/COVID-19/data/",
            "target": "/home/jupuser/data"
        }
    },
    "completed": "2021-04-09T08:18:40.953437",
    "failed": null,
    "started": "2021-04-09T08:01:08.366230",
    "logs": [
        "2021-04-09T08:01:09.299012307Z WARNING (theano.tensor.blas): Using NumPy C-API based implementation for BLAS functions.",
        "2021-04-09T08:01:53.584579776Z /usr/local/lib/python3.6/dist-packages/sklearn/linear_model/_ridge.py:148: LinAlgWarning: Ill-conditioned matrix (rcond=1.69589e-17): result may not be accurate.",
        "2021-04-09T08:01:53.584610310Z   overwrite_a=True).T",
        "2021-04-09T08:01:53.584614574Z /usr/local/lib/python3.6/dist-packages/pymc3/sampling.py:468: FutureWarning: In an upcoming release, pm.sample will return an `arviz.InferenceData` object instead of a `MultiTrace` by default. You can pass return_inferencedata=True or return_inferencedata=False to be safe and silence this warning.",
        "2021-04-09T08:01:53.584617876Z   FutureWarning,",
        "2021-04-09T08:01:53.584620519Z Auto-assigning NUTS sampler...",
        "2021-04-09T08:01:53.584623038Z Initializing NUTS using jitter+adapt_diag...",
        "2021-04-09T08:02:42.720208522Z Multiprocess sampling (8 chains in 8 jobs)",
        "2021-04-09T08:02:42.720253855Z NUTS: [rel_residuals, r_t]",
        "2021-04-09T08:05:09.422238707Z Sampling 8 chains for 2_000 tune and 1_000 draw iterations (16_000 + 8_000 draws total) took 139 seconds.",
        "2021-04-09T08:05:21.033225551Z There were 5 divergences after tuning. Increase `target_accept` or reparameterize.",
        "2021-04-09T08:05:21.033272044Z There were 12 divergences after tuning. Increase `target_accept` or reparameterize.",
        "2021-04-09T08:05:21.033278112Z There were 39 divergences after tuning. Increase `target_accept` or reparameterize.",
        "2021-04-09T08:05:21.033283541Z There were 22 divergences after tuning. Increase `target_accept` or reparameterize.",
        "2021-04-09T08:05:21.033361650Z There were 82 divergences after tuning. Increase `target_accept` or reparameterize.",
        "2021-04-09T08:05:21.033388871Z There was 1 divergence after tuning. Increase `target_accept` or reparameterize.",
        "2021-04-09T08:05:21.033534897Z There were 54 divergences after tuning. Increase `target_accept` or reparameterize.",
        "2021-04-09T08:05:21.033546191Z The acceptance probability does not match the target. It is 0.8911232374005936, but should be close to 0.95. Try to increase the number of tuning steps.",
        "2021-04-09T08:05:21.033550986Z There were 2 divergences after tuning. Increase `target_accept` or reparameterize.",
        "2021-04-09T08:05:21.033563041Z The number of effective samples is smaller than 10% for some parameters.",
        "2021-04-09T08:05:22.490183386Z /usr/local/lib/python3.6/dist-packages/pymc3/sampling.py:468: FutureWarning: In an upcoming release, pm.sample will return an `arviz.InferenceData` object instead of a `MultiTrace` by default. You can pass return_inferencedata=True or return_inferencedata=False to be safe and silence this warning.",
        "2021-04-09T08:05:22.490210852Z   FutureWarning,",
        "2021-04-09T08:05:22.490214278Z Auto-assigning NUTS sampler...",
        "2021-04-09T08:05:22.490217180Z Initializing NUTS using jitter+adapt_diag...",
        "2021-04-09T08:05:47.665662518Z Multiprocess sampling (8 chains in 8 jobs)",
        "2021-04-09T08:05:47.665729644Z NUTS: [rel_residuals, r_t]",
        "2021-04-09T08:08:35.202423087Z Sampling 8 chains for 2_000 tune and 1_000 draw iterations (16_000 + 8_000 draws total) took 159 seconds.",
        "2021-04-09T08:08:46.007287486Z There were 2 divergences after tuning. Increase `target_accept` or reparameterize.",
        "2021-04-09T08:08:46.007326045Z There were 22 divergences after tuning. Increase `target_accept` or reparameterize.",
        "2021-04-09T08:08:46.007331063Z There were 5 divergences after tuning. Increase `target_accept` or reparameterize.",
        "2021-04-09T08:08:46.007334424Z There were 5 divergences after tuning. Increase `target_accept` or reparameterize.",
        "2021-04-09T08:08:46.007337744Z There were 20 divergences after tuning. Increase `target_accept` or reparameterize.",
        "2021-04-09T08:08:46.007341092Z There were 45 divergences after tuning. Increase `target_accept` or reparameterize.",
        "2021-04-09T08:08:46.007344654Z The acceptance probability does not match the target. It is 0.8847944216467793, but should be close to 0.95. Try to increase the number of tuning steps.",
        "2021-04-09T08:08:46.007348529Z There was 1 divergence after tuning. Increase `target_accept` or reparameterize.",
        "2021-04-09T08:08:46.007352552Z The number of effective samples is smaller than 10% for some parameters.",
        "2021-04-09T08:08:47.489639199Z /usr/local/lib/python3.6/dist-packages/pymc3/sampling.py:468: FutureWarning: In an upcoming release, pm.sample will return an `arviz.InferenceData` object instead of a `MultiTrace` by default. You can pass return_inferencedata=True or return_inferencedata=False to be safe and silence this warning.",
        "2021-04-09T08:08:47.489666611Z   FutureWarning,",
        "2021-04-09T08:08:47.489669785Z Auto-assigning NUTS sampler...",
        "2021-04-09T08:08:47.489672182Z Initializing NUTS using jitter+adapt_diag...",
        "2021-04-09T08:09:12.927304951Z Multiprocess sampling (8 chains in 8 jobs)",
        "2021-04-09T08:09:12.927355557Z NUTS: [rel_residuals, r_t]",
        "2021-04-09T08:11:44.162954864Z Sampling 8 chains for 2_000 tune and 1_000 draw iterations (16_000 + 8_000 draws total) took 144 seconds.",
        "2021-04-09T08:11:55.087475215Z There was 1 divergence after tuning. Increase `target_accept` or reparameterize.",
        "2021-04-09T08:11:55.087515222Z There were 2 divergences after tuning. Increase `target_accept` or reparameterize.",
        "2021-04-09T08:11:55.087519143Z There was 1 divergence after tuning. Increase `target_accept` or reparameterize.",
        "2021-04-09T08:11:55.087521972Z There were 4 divergences after tuning. Increase `target_accept` or reparameterize.",
        "2021-04-09T08:11:55.087524611Z There were 9 divergences after tuning. Increase `target_accept` or reparameterize.",
        "2021-04-09T08:11:55.087527239Z There were 5 divergences after tuning. Increase `target_accept` or reparameterize.",
        "2021-04-09T08:11:55.087529741Z There were 4 divergences after tuning. Increase `target_accept` or reparameterize.",
        "2021-04-09T08:11:55.087563754Z There were 57 divergences after tuning. Increase `target_accept` or reparameterize.",
        "2021-04-09T08:11:55.087570215Z The number of effective samples is smaller than 10% for some parameters.",
        "2021-04-09T08:11:56.576542321Z /usr/local/lib/python3.6/dist-packages/pymc3/sampling.py:468: FutureWarning: In an upcoming release, pm.sample will return an `arviz.InferenceData` object instead of a `MultiTrace` by default. You can pass return_inferencedata=True or return_inferencedata=False to be safe and silence this warning.",
        "2021-04-09T08:11:56.576576167Z   FutureWarning,",
        "2021-04-09T08:11:56.576579231Z Auto-assigning NUTS sampler...",
        "2021-04-09T08:11:56.576581391Z Initializing NUTS using jitter+adapt_diag...",
        "2021-04-09T08:12:23.095096305Z Multiprocess sampling (8 chains in 8 jobs)",
        "2021-04-09T08:12:23.095142859Z NUTS: [rel_residuals, r_t]",
        "2021-04-09T08:14:50.344770502Z Sampling 8 chains for 2_000 tune and 1_000 draw iterations (16_000 + 8_000 draws total) took 139 seconds.",
        "2021-04-09T08:15:01.802101535Z There was 1 divergence after tuning. Increase `target_accept` or reparameterize.",
        "2021-04-09T08:15:01.802140549Z There were 90 divergences after tuning. Increase `target_accept` or reparameterize.",
        "2021-04-09T08:15:01.802144624Z There were 5 divergences after tuning. Increase `target_accept` or reparameterize.",
        "2021-04-09T08:15:01.802147921Z There were 14 divergences after tuning. Increase `target_accept` or reparameterize.",
        "2021-04-09T08:15:01.802150816Z The acceptance probability does not match the target. It is 0.9065081479075872, but should be close to 0.95. Try to increase the number of tuning steps.",
        "2021-04-09T08:15:01.802207485Z There were 7 divergences after tuning. Increase `target_accept` or reparameterize.",
        "2021-04-09T08:15:01.802220336Z There were 3 divergences after tuning. Increase `target_accept` or reparameterize.",
        "2021-04-09T08:15:01.802224818Z There was 1 divergence after tuning. Increase `target_accept` or reparameterize.",
        "2021-04-09T08:15:01.802228593Z There was 1 divergence after tuning. Increase `target_accept` or reparameterize.",
        "2021-04-09T08:15:01.802231292Z The number of effective samples is smaller than 10% for some parameters.",
        "2021-04-09T08:15:03.287142416Z /usr/local/lib/python3.6/dist-packages/pymc3/sampling.py:468: FutureWarning: In an upcoming release, pm.sample will return an `arviz.InferenceData` object instead of a `MultiTrace` by default. You can pass return_inferencedata=True or return_inferencedata=False to be safe and silence this warning.",
        "2021-04-09T08:15:03.287182442Z   FutureWarning,",
        "2021-04-09T08:15:03.287186859Z Auto-assigning NUTS sampler...",
        "2021-04-09T08:15:03.287190330Z Initializing NUTS using jitter+adapt_diag...",
        "2021-04-09T08:15:29.214107891Z Multiprocess sampling (8 chains in 8 jobs)",
        "2021-04-09T08:15:29.214158739Z NUTS: [rel_residuals, r_t]",
        "2021-04-09T08:18:16.740882285Z Sampling 8 chains for 2_000 tune and 1_000 draw iterations (16_000 + 8_000 draws total) took 159 seconds.",
        "2021-04-09T08:18:28.292079731Z There were 41 divergences after tuning. Increase `target_accept` or reparameterize.",
        "2021-04-09T08:18:28.292124116Z There were 82 divergences after tuning. Increase `target_accept` or reparameterize.",
        "2021-04-09T08:18:28.292127898Z The acceptance probability does not match the target. It is 0.8944766288440816, but should be close to 0.95. Try to increase the number of tuning steps.",
        "2021-04-09T08:18:28.292142717Z There were 22 divergences after tuning. Increase `target_accept` or reparameterize.",
        "2021-04-09T08:18:28.292436670Z There were 237 divergences after tuning. Increase `target_accept` or reparameterize.",
        "2021-04-09T08:18:28.292458729Z The acceptance probability does not match the target. It is 0.8120748518748775, but should be close to 0.95. Try to increase the number of tuning steps.",
        "2021-04-09T08:18:28.292462125Z There were 4 divergences after tuning. Increase `target_accept` or reparameterize.",
        "2021-04-09T08:18:28.292503244Z There were 8 divergences after tuning. Increase `target_accept` or reparameterize.",
        "2021-04-09T08:18:28.292510100Z There was 1 divergence after tuning. Increase `target_accept` or reparameterize.",
        "2021-04-09T08:18:28.292557441Z There were 22 divergences after tuning. Increase `target_accept` or reparameterize.",
        "2021-04-09T08:18:28.292562806Z The estimated number of effective samples is smaller than 200 for some parameters.",
        "2021-04-09T08:18:32.483774907Z /usr/local/lib/python3.6/dist-packages/arviz/stats/stats.py:338: UserWarning: hpd will be deprecated Please replace hdi",
        "2021-04-09T08:18:32.483803600Z   (\"hpd will be deprecated \" \"Please replace hdi\"),",
        "2021-04-09T08:18:32.483807263Z /usr/local/lib/python3.6/dist-packages/arviz/stats/stats.py:487: FutureWarning: hdi currently interprets 2d data as (draw, shape) but this will change in a future release to (chain, draw) for coherence with other functions",
        "2021-04-09T08:18:32.483810727Z   FutureWarning,",
        ""
    ]
}