{
    "name": "Abruzzo",
    "container_id": "beeaedda181613217675d8ff16e29529588dca137b6413a5c53ea461733a2674",
    "run_context": {
        "app": "seasonalnoisedMCMC_generic",
        "image": "covid-run-apps",
        "args": {
            "PICKLEPREFIX": "2021-04-07_futbound_08_12",
            "DATA_COL_NAME": "nuovi_positivi",
            "PASTDAYS_START": 0,
            "PASTDAYS_END": 0,
            "FUTUREDRAWS": 5,
            "TOT_CHAIN_LEN": 100,
            "LOWER_RATIO": 0.8,
            "UPPER_RATIO": 1.2,
            "MC_TARGETACCEPT": 0.95,
            "MC_TUNE": 2000,
            "MC_DRAWS": 1000,
            "MC_CORES": 8,
            "REGION": "Abruzzo"
        },
        "data_dir": {
            "source": "/home/ubuntu/COVID-19/data/",
            "target": "/home/jupuser/data"
        }
    },
    "completed": "2021-04-09T08:36:43.118902",
    "failed": null,
    "started": "2021-04-09T08:18:30.939033",
    "logs": [
        "2021-04-09T08:18:31.821985587Z WARNING (theano.tensor.blas): Using NumPy C-API based implementation for BLAS functions.",
        "2021-04-09T08:19:13.721626801Z /usr/local/lib/python3.6/dist-packages/sklearn/linear_model/_ridge.py:148: LinAlgWarning: Ill-conditioned matrix (rcond=1.69589e-17): result may not be accurate.",
        "2021-04-09T08:19:13.721665511Z   overwrite_a=True).T",
        "2021-04-09T08:19:13.721669397Z /usr/local/lib/python3.6/dist-packages/pymc3/sampling.py:468: FutureWarning: In an upcoming release, pm.sample will return an `arviz.InferenceData` object instead of a `MultiTrace` by default. You can pass return_inferencedata=True or return_inferencedata=False to be safe and silence this warning.",
        "2021-04-09T08:19:13.721673158Z   FutureWarning,",
        "2021-04-09T08:19:13.721676015Z Auto-assigning NUTS sampler...",
        "2021-04-09T08:19:13.721678752Z Initializing NUTS using jitter+adapt_diag...",
        "2021-04-09T08:20:02.243358790Z Multiprocess sampling (8 chains in 8 jobs)",
        "2021-04-09T08:20:02.243417891Z NUTS: [rel_residuals, r_t]",
        "2021-04-09T08:22:38.113810985Z Sampling 8 chains for 2_000 tune and 1_000 draw iterations (16_000 + 8_000 draws total) took 148 seconds.",
        "2021-04-09T08:22:49.567902101Z There were 7 divergences after tuning. Increase `target_accept` or reparameterize.",
        "2021-04-09T08:22:49.567952348Z There was 1 divergence after tuning. Increase `target_accept` or reparameterize.",
        "2021-04-09T08:22:49.567959401Z There were 4 divergences after tuning. Increase `target_accept` or reparameterize.",
        "2021-04-09T08:22:49.567964919Z The number of effective samples is smaller than 25% for some parameters.",
        "2021-04-09T08:22:51.005704082Z /usr/local/lib/python3.6/dist-packages/pymc3/sampling.py:468: FutureWarning: In an upcoming release, pm.sample will return an `arviz.InferenceData` object instead of a `MultiTrace` by default. You can pass return_inferencedata=True or return_inferencedata=False to be safe and silence this warning.",
        "2021-04-09T08:22:51.005751708Z   FutureWarning,",
        "2021-04-09T08:22:51.005757171Z Auto-assigning NUTS sampler...",
        "2021-04-09T08:22:51.005761651Z Initializing NUTS using jitter+adapt_diag...",
        "2021-04-09T08:23:15.686575094Z Multiprocess sampling (8 chains in 8 jobs)",
        "2021-04-09T08:23:15.686637740Z NUTS: [rel_residuals, r_t]",
        "2021-04-09T08:26:02.323660065Z Sampling 8 chains for 2_000 tune and 1_000 draw iterations (16_000 + 8_000 draws total) took 159 seconds.",
        "2021-04-09T08:26:12.847912238Z There was 1 divergence after tuning. Increase `target_accept` or reparameterize.",
        "2021-04-09T08:26:12.847963102Z There were 2 divergences after tuning. Increase `target_accept` or reparameterize.",
        "2021-04-09T08:26:12.847969387Z The number of effective samples is smaller than 25% for some parameters.",
        "2021-04-09T08:26:14.292642999Z /usr/local/lib/python3.6/dist-packages/pymc3/sampling.py:468: FutureWarning: In an upcoming release, pm.sample will return an `arviz.InferenceData` object instead of a `MultiTrace` by default. You can pass return_inferencedata=True or return_inferencedata=False to be safe and silence this warning.",
        "2021-04-09T08:26:14.292698464Z   FutureWarning,",
        "2021-04-09T08:26:14.292727162Z Auto-assigning NUTS sampler...",
        "2021-04-09T08:26:14.292731699Z Initializing NUTS using jitter+adapt_diag...",
        "2021-04-09T08:26:40.061702115Z Multiprocess sampling (8 chains in 8 jobs)",
        "2021-04-09T08:26:40.061758099Z NUTS: [rel_residuals, r_t]",
        "2021-04-09T08:29:28.692783763Z Sampling 8 chains for 2_000 tune and 1_000 draw iterations (16_000 + 8_000 draws total) took 161 seconds.",
        "2021-04-09T08:29:39.338962734Z There were 3 divergences after tuning. Increase `target_accept` or reparameterize.",
        "2021-04-09T08:29:39.338999908Z The number of effective samples is smaller than 25% for some parameters.",
        "2021-04-09T08:29:40.793079640Z /usr/local/lib/python3.6/dist-packages/pymc3/sampling.py:468: FutureWarning: In an upcoming release, pm.sample will return an `arviz.InferenceData` object instead of a `MultiTrace` by default. You can pass return_inferencedata=True or return_inferencedata=False to be safe and silence this warning.",
        "2021-04-09T08:29:40.793120158Z   FutureWarning,",
        "2021-04-09T08:29:40.793123835Z Auto-assigning NUTS sampler...",
        "2021-04-09T08:29:40.793126534Z Initializing NUTS using jitter+adapt_diag...",
        "2021-04-09T08:30:06.496398136Z Multiprocess sampling (8 chains in 8 jobs)",
        "2021-04-09T08:30:06.496447862Z NUTS: [rel_residuals, r_t]",
        "2021-04-09T08:32:56.331778167Z Sampling 8 chains for 2_000 tune and 1_000 draw iterations (16_000 + 8_000 draws total) took 162 seconds.",
        "2021-04-09T08:33:07.451683165Z There was 1 divergence after tuning. Increase `target_accept` or reparameterize.",
        "2021-04-09T08:33:07.451720338Z The number of effective samples is smaller than 25% for some parameters.",
        "2021-04-09T08:33:08.901186496Z /usr/local/lib/python3.6/dist-packages/pymc3/sampling.py:468: FutureWarning: In an upcoming release, pm.sample will return an `arviz.InferenceData` object instead of a `MultiTrace` by default. You can pass return_inferencedata=True or return_inferencedata=False to be safe and silence this warning.",
        "2021-04-09T08:33:08.901223420Z   FutureWarning,",
        "2021-04-09T08:33:08.901226926Z Auto-assigning NUTS sampler...",
        "2021-04-09T08:33:08.901229874Z Initializing NUTS using jitter+adapt_diag...",
        "2021-04-09T08:33:34.283808858Z Multiprocess sampling (8 chains in 8 jobs)",
        "2021-04-09T08:33:34.283853601Z NUTS: [rel_residuals, r_t]",
        "2021-04-09T08:36:17.540445504Z Sampling 8 chains for 2_000 tune and 1_000 draw iterations (16_000 + 8_000 draws total) took 155 seconds.",
        "2021-04-09T08:36:29.218670915Z The number of effective samples is smaller than 25% for some parameters.",
        "2021-04-09T08:36:35.857143119Z /usr/local/lib/python3.6/dist-packages/arviz/stats/stats.py:338: UserWarning: hpd will be deprecated Please replace hdi",
        "2021-04-09T08:36:35.857191360Z   (\"hpd will be deprecated \" \"Please replace hdi\"),",
        "2021-04-09T08:36:35.857196240Z /usr/local/lib/python3.6/dist-packages/arviz/stats/stats.py:487: FutureWarning: hdi currently interprets 2d data as (draw, shape) but this will change in a future release to (chain, draw) for coherence with other functions",
        "2021-04-09T08:36:35.857201097Z   FutureWarning,",
        ""
    ]
}