{
    "name": "Molise",
    "container_id": "14cdbb5c0fdd5e4de420e8dbacce9a1bf5a7b2f4700a0afbff2d6218cc429cfa",
    "run_context": {
        "app": "seasonalnoisedMCMC_generic",
        "image": "covid-run-apps",
        "args": {
            "PICKLEPREFIX": "2021-04-07_futbound_08_12",
            "DATA_COL_NAME": "nuovi_positivi",
            "PASTDAYS_START": 0,
            "PASTDAYS_END": 0,
            "FUTUREDRAWS": 5,
            "TOT_CHAIN_LEN": 100,
            "LOWER_RATIO": 0.8,
            "UPPER_RATIO": 1.2,
            "MC_TARGETACCEPT": 0.95,
            "MC_TUNE": 2000,
            "MC_DRAWS": 1000,
            "MC_CORES": 8,
            "REGION": "Molise"
        },
        "data_dir": {
            "source": "/home/ubuntu/COVID-19/data/",
            "target": "/home/jupuser/data"
        }
    },
    "completed": "2021-04-09T08:18:30.592721",
    "failed": null,
    "started": "2021-04-09T08:01:08.752240",
    "logs": [
        "2021-04-09T08:01:09.607216156Z WARNING (theano.tensor.blas): Using NumPy C-API based implementation for BLAS functions.",
        "2021-04-09T08:01:51.657449329Z /usr/local/lib/python3.6/dist-packages/sklearn/linear_model/_ridge.py:148: LinAlgWarning: Ill-conditioned matrix (rcond=1.69589e-17): result may not be accurate.",
        "2021-04-09T08:01:51.657478326Z   overwrite_a=True).T",
        "2021-04-09T08:01:51.657481746Z /usr/local/lib/python3.6/dist-packages/pymc3/sampling.py:468: FutureWarning: In an upcoming release, pm.sample will return an `arviz.InferenceData` object instead of a `MultiTrace` by default. You can pass return_inferencedata=True or return_inferencedata=False to be safe and silence this warning.",
        "2021-04-09T08:01:51.657485067Z   FutureWarning,",
        "2021-04-09T08:01:51.657487768Z Auto-assigning NUTS sampler...",
        "2021-04-09T08:01:51.657490510Z Initializing NUTS using jitter+adapt_diag...",
        "2021-04-09T08:02:40.815814079Z Multiprocess sampling (8 chains in 8 jobs)",
        "2021-04-09T08:02:40.815863427Z NUTS: [rel_residuals, r_t]",
        "2021-04-09T08:05:06.220302574Z Sampling 8 chains for 2_000 tune and 1_000 draw iterations (16_000 + 8_000 draws total) took 138 seconds.",
        "2021-04-09T08:05:17.652955756Z There were 9 divergences after tuning. Increase `target_accept` or reparameterize.",
        "2021-04-09T08:05:17.653021265Z There were 32 divergences after tuning. Increase `target_accept` or reparameterize.",
        "2021-04-09T08:05:17.653039936Z There were 57 divergences after tuning. Increase `target_accept` or reparameterize.",
        "2021-04-09T08:05:17.653046793Z There were 16 divergences after tuning. Increase `target_accept` or reparameterize.",
        "2021-04-09T08:05:17.653083738Z There were 30 divergences after tuning. Increase `target_accept` or reparameterize.",
        "2021-04-09T08:05:17.653134159Z There were 46 divergences after tuning. Increase `target_accept` or reparameterize.",
        "2021-04-09T08:05:17.653141788Z There were 5 divergences after tuning. Increase `target_accept` or reparameterize.",
        "2021-04-09T08:05:17.653152556Z There were 20 divergences after tuning. Increase `target_accept` or reparameterize.",
        "2021-04-09T08:05:17.653239811Z The number of effective samples is smaller than 10% for some parameters.",
        "2021-04-09T08:05:19.068730497Z /usr/local/lib/python3.6/dist-packages/pymc3/sampling.py:468: FutureWarning: In an upcoming release, pm.sample will return an `arviz.InferenceData` object instead of a `MultiTrace` by default. You can pass return_inferencedata=True or return_inferencedata=False to be safe and silence this warning.",
        "2021-04-09T08:05:19.068776112Z   FutureWarning,",
        "2021-04-09T08:05:19.068782130Z Auto-assigning NUTS sampler...",
        "2021-04-09T08:05:19.068788176Z Initializing NUTS using jitter+adapt_diag...",
        "2021-04-09T08:05:43.981385447Z Multiprocess sampling (8 chains in 8 jobs)",
        "2021-04-09T08:05:43.981437020Z NUTS: [rel_residuals, r_t]",
        "2021-04-09T08:08:18.039000933Z Sampling 8 chains for 2_000 tune and 1_000 draw iterations (16_000 + 8_000 draws total) took 146 seconds.",
        "2021-04-09T08:08:28.940106572Z There were 27 divergences after tuning. Increase `target_accept` or reparameterize.",
        "2021-04-09T08:08:28.940177414Z The acceptance probability does not match the target. It is 0.9066008109907103, but should be close to 0.95. Try to increase the number of tuning steps.",
        "2021-04-09T08:08:28.940182045Z There were 2 divergences after tuning. Increase `target_accept` or reparameterize.",
        "2021-04-09T08:08:28.940184466Z There were 9 divergences after tuning. Increase `target_accept` or reparameterize.",
        "2021-04-09T08:08:28.940186906Z There were 7 divergences after tuning. Increase `target_accept` or reparameterize.",
        "2021-04-09T08:08:28.940189351Z There were 5 divergences after tuning. Increase `target_accept` or reparameterize.",
        "2021-04-09T08:08:28.940191632Z There were 7 divergences after tuning. Increase `target_accept` or reparameterize.",
        "2021-04-09T08:08:28.940193905Z There were 26 divergences after tuning. Increase `target_accept` or reparameterize.",
        "2021-04-09T08:08:28.940196702Z There were 16 divergences after tuning. Increase `target_accept` or reparameterize.",
        "2021-04-09T08:08:28.940225389Z The number of effective samples is smaller than 10% for some parameters.",
        "2021-04-09T08:08:30.358549099Z /usr/local/lib/python3.6/dist-packages/pymc3/sampling.py:468: FutureWarning: In an upcoming release, pm.sample will return an `arviz.InferenceData` object instead of a `MultiTrace` by default. You can pass return_inferencedata=True or return_inferencedata=False to be safe and silence this warning.",
        "2021-04-09T08:08:30.358586456Z   FutureWarning,",
        "2021-04-09T08:08:30.358589761Z Auto-assigning NUTS sampler...",
        "2021-04-09T08:08:30.358592101Z Initializing NUTS using jitter+adapt_diag...",
        "2021-04-09T08:08:55.788473722Z Multiprocess sampling (8 chains in 8 jobs)",
        "2021-04-09T08:08:55.788504779Z NUTS: [rel_residuals, r_t]",
        "2021-04-09T08:11:31.102600355Z Sampling 8 chains for 2_000 tune and 1_000 draw iterations (16_000 + 8_000 draws total) took 145 seconds.",
        "2021-04-09T08:11:42.657468190Z There were 4 divergences after tuning. Increase `target_accept` or reparameterize.",
        "2021-04-09T08:11:42.657507294Z There were 16 divergences after tuning. Increase `target_accept` or reparameterize.",
        "2021-04-09T08:11:42.657511387Z There were 21 divergences after tuning. Increase `target_accept` or reparameterize.",
        "2021-04-09T08:11:42.657514303Z There were 4 divergences after tuning. Increase `target_accept` or reparameterize.",
        "2021-04-09T08:11:42.657517020Z There were 23 divergences after tuning. Increase `target_accept` or reparameterize.",
        "2021-04-09T08:11:42.657531377Z There were 24 divergences after tuning. Increase `target_accept` or reparameterize.",
        "2021-04-09T08:11:42.657580829Z There were 15 divergences after tuning. Increase `target_accept` or reparameterize.",
        "2021-04-09T08:11:42.657615817Z There were 8 divergences after tuning. Increase `target_accept` or reparameterize.",
        "2021-04-09T08:11:42.657620074Z The number of effective samples is smaller than 10% for some parameters.",
        "2021-04-09T08:11:44.134658036Z /usr/local/lib/python3.6/dist-packages/pymc3/sampling.py:468: FutureWarning: In an upcoming release, pm.sample will return an `arviz.InferenceData` object instead of a `MultiTrace` by default. You can pass return_inferencedata=True or return_inferencedata=False to be safe and silence this warning.",
        "2021-04-09T08:11:44.134721977Z   FutureWarning,",
        "2021-04-09T08:11:44.134725603Z Auto-assigning NUTS sampler...",
        "2021-04-09T08:11:44.134727869Z Initializing NUTS using jitter+adapt_diag...",
        "2021-04-09T08:12:09.522094395Z Multiprocess sampling (8 chains in 8 jobs)",
        "2021-04-09T08:12:09.522136500Z NUTS: [rel_residuals, r_t]",
        "2021-04-09T08:14:45.316900238Z Sampling 8 chains for 2_000 tune and 1_000 draw iterations (16_000 + 8_000 draws total) took 148 seconds.",
        "2021-04-09T08:14:54.703953350Z There were 11 divergences after tuning. Increase `target_accept` or reparameterize.",
        "2021-04-09T08:14:54.703989928Z There were 23 divergences after tuning. Increase `target_accept` or reparameterize.",
        "2021-04-09T08:14:54.703993795Z There were 94 divergences after tuning. Increase `target_accept` or reparameterize.",
        "2021-04-09T08:14:54.703996725Z The acceptance probability does not match the target. It is 0.8906338196905954, but should be close to 0.95. Try to increase the number of tuning steps.",
        "2021-04-09T08:14:54.703999711Z There were 2 divergences after tuning. Increase `target_accept` or reparameterize.",
        "2021-04-09T08:14:54.704002488Z There were 24 divergences after tuning. Increase `target_accept` or reparameterize.",
        "2021-04-09T08:14:54.704013073Z There were 25 divergences after tuning. Increase `target_accept` or reparameterize.",
        "2021-04-09T08:14:54.704020911Z There were 12 divergences after tuning. Increase `target_accept` or reparameterize.",
        "2021-04-09T08:14:54.704071195Z The number of effective samples is smaller than 10% for some parameters.",
        "2021-04-09T08:14:58.296362199Z /usr/local/lib/python3.6/dist-packages/pymc3/sampling.py:468: FutureWarning: In an upcoming release, pm.sample will return an `arviz.InferenceData` object instead of a `MultiTrace` by default. You can pass return_inferencedata=True or return_inferencedata=False to be safe and silence this warning.",
        "2021-04-09T08:14:58.296403917Z   FutureWarning,",
        "2021-04-09T08:14:58.296408061Z Auto-assigning NUTS sampler...",
        "2021-04-09T08:14:58.296410912Z Initializing NUTS using jitter+adapt_diag...",
        "2021-04-09T08:15:21.751084578Z Multiprocess sampling (8 chains in 8 jobs)",
        "2021-04-09T08:15:21.751137290Z NUTS: [rel_residuals, r_t]",
        "2021-04-09T08:18:03.582285249Z Sampling 8 chains for 2_000 tune and 1_000 draw iterations (16_000 + 8_000 draws total) took 154 seconds.",
        "2021-04-09T08:18:15.075173572Z There were 13 divergences after tuning. Increase `target_accept` or reparameterize.",
        "2021-04-09T08:18:15.075225867Z There were 15 divergences after tuning. Increase `target_accept` or reparameterize.",
        "2021-04-09T08:18:15.075230143Z There were 9 divergences after tuning. Increase `target_accept` or reparameterize.",
        "2021-04-09T08:18:15.075233232Z There were 28 divergences after tuning. Increase `target_accept` or reparameterize.",
        "2021-04-09T08:18:15.075236398Z There were 12 divergences after tuning. Increase `target_accept` or reparameterize.",
        "2021-04-09T08:18:15.075258961Z There were 6 divergences after tuning. Increase `target_accept` or reparameterize.",
        "2021-04-09T08:18:15.075262077Z There were 16 divergences after tuning. Increase `target_accept` or reparameterize.",
        "2021-04-09T08:18:15.075264319Z The number of effective samples is smaller than 10% for some parameters.",
        "2021-04-09T08:18:19.208532353Z /usr/local/lib/python3.6/dist-packages/arviz/stats/stats.py:338: UserWarning: hpd will be deprecated Please replace hdi",
        "2021-04-09T08:18:19.208570473Z   (\"hpd will be deprecated \" \"Please replace hdi\"),",
        "2021-04-09T08:18:19.208573594Z /usr/local/lib/python3.6/dist-packages/arviz/stats/stats.py:487: FutureWarning: hdi currently interprets 2d data as (draw, shape) but this will change in a future release to (chain, draw) for coherence with other functions",
        "2021-04-09T08:18:19.208576477Z   FutureWarning,",
        ""
    ]
}