{
    "name": "Valle-d-Aosta",
    "container_id": "18af90a26437440b061e39d29587275703c99118462974f0f722844db4d20eef",
    "run_context": {
        "app": "seasonalnoisedMCMC_generic",
        "image": "covid-run-apps",
        "args": {
            "PICKLEPREFIX": "2021-04-07_futbound_08_12",
            "DATA_COL_NAME": "nuovi_positivi",
            "PASTDAYS_START": 0,
            "PASTDAYS_END": 0,
            "FUTUREDRAWS": 5,
            "TOT_CHAIN_LEN": 100,
            "LOWER_RATIO": 0.8,
            "UPPER_RATIO": 1.2,
            "MC_TARGETACCEPT": 0.95,
            "MC_TUNE": 2000,
            "MC_DRAWS": 1000,
            "MC_CORES": 8,
            "REGION": "Valle d'Aosta"
        },
        "data_dir": {
            "source": "/home/ubuntu/COVID-19/data/",
            "target": "/home/jupuser/data"
        }
    },
    "completed": "2021-04-09T08:27:42.300263",
    "failed": null,
    "started": "2021-04-09T08:01:07.979972",
    "logs": [
        "2021-04-09T08:01:08.864648443Z WARNING (theano.tensor.blas): Using NumPy C-API based implementation for BLAS functions.",
        "2021-04-09T08:01:49.768362830Z /usr/local/lib/python3.6/dist-packages/sklearn/linear_model/_ridge.py:148: LinAlgWarning: Ill-conditioned matrix (rcond=1.69589e-17): result may not be accurate.",
        "2021-04-09T08:01:49.768397393Z   overwrite_a=True).T",
        "2021-04-09T08:01:49.768401388Z /usr/local/lib/python3.6/dist-packages/pymc3/sampling.py:468: FutureWarning: In an upcoming release, pm.sample will return an `arviz.InferenceData` object instead of a `MultiTrace` by default. You can pass return_inferencedata=True or return_inferencedata=False to be safe and silence this warning.",
        "2021-04-09T08:01:49.768405077Z   FutureWarning,",
        "2021-04-09T08:01:49.768407889Z Auto-assigning NUTS sampler...",
        "2021-04-09T08:01:49.768410539Z Initializing NUTS using jitter+adapt_diag...",
        "2021-04-09T08:02:36.551958835Z Multiprocess sampling (8 chains in 8 jobs)",
        "2021-04-09T08:02:36.552005412Z NUTS: [rel_residuals, r_t]",
        "2021-04-09T08:06:44.904664551Z Sampling 8 chains for 2_000 tune and 1_000 draw iterations (16_000 + 8_000 draws total) took 241 seconds.",
        "2021-04-09T08:06:56.303729372Z There were 17 divergences after tuning. Increase `target_accept` or reparameterize.",
        "2021-04-09T08:06:56.303774151Z There were 27 divergences after tuning. Increase `target_accept` or reparameterize.",
        "2021-04-09T08:06:56.303777968Z There were 21 divergences after tuning. Increase `target_accept` or reparameterize.",
        "2021-04-09T08:06:56.303780520Z There were 16 divergences after tuning. Increase `target_accept` or reparameterize.",
        "2021-04-09T08:06:56.303783548Z There were 30 divergences after tuning. Increase `target_accept` or reparameterize.",
        "2021-04-09T08:06:56.303786098Z There were 12 divergences after tuning. Increase `target_accept` or reparameterize.",
        "2021-04-09T08:06:56.303788581Z There were 6 divergences after tuning. Increase `target_accept` or reparameterize.",
        "2021-04-09T08:06:56.303800138Z There were 29 divergences after tuning. Increase `target_accept` or reparameterize.",
        "2021-04-09T08:06:56.303819595Z The number of effective samples is smaller than 25% for some parameters.",
        "2021-04-09T08:06:57.752358649Z /usr/local/lib/python3.6/dist-packages/pymc3/sampling.py:468: FutureWarning: In an upcoming release, pm.sample will return an `arviz.InferenceData` object instead of a `MultiTrace` by default. You can pass return_inferencedata=True or return_inferencedata=False to be safe and silence this warning.",
        "2021-04-09T08:06:57.752396503Z   FutureWarning,",
        "2021-04-09T08:06:57.752400335Z Auto-assigning NUTS sampler...",
        "2021-04-09T08:06:57.752403089Z Initializing NUTS using jitter+adapt_diag...",
        "2021-04-09T08:07:22.638506400Z Multiprocess sampling (8 chains in 8 jobs)",
        "2021-04-09T08:07:22.638537540Z NUTS: [rel_residuals, r_t]",
        "2021-04-09T08:11:44.585027053Z Sampling 8 chains for 2_000 tune and 1_000 draw iterations (16_000 + 8_000 draws total) took 254 seconds.",
        "2021-04-09T08:11:54.696646737Z There were 18 divergences after tuning. Increase `target_accept` or reparameterize.",
        "2021-04-09T08:11:54.696711124Z There were 15 divergences after tuning. Increase `target_accept` or reparameterize.",
        "2021-04-09T08:11:54.696714923Z There were 45 divergences after tuning. Increase `target_accept` or reparameterize.",
        "2021-04-09T08:11:54.696717266Z There were 5 divergences after tuning. Increase `target_accept` or reparameterize.",
        "2021-04-09T08:11:54.696719536Z There were 9 divergences after tuning. Increase `target_accept` or reparameterize.",
        "2021-04-09T08:11:54.696721740Z There were 9 divergences after tuning. Increase `target_accept` or reparameterize.",
        "2021-04-09T08:11:54.696745991Z There were 23 divergences after tuning. Increase `target_accept` or reparameterize.",
        "2021-04-09T08:11:54.696764895Z There were 24 divergences after tuning. Increase `target_accept` or reparameterize.",
        "2021-04-09T08:11:54.696767687Z The number of effective samples is smaller than 25% for some parameters.",
        "2021-04-09T08:11:56.079640020Z /usr/local/lib/python3.6/dist-packages/pymc3/sampling.py:468: FutureWarning: In an upcoming release, pm.sample will return an `arviz.InferenceData` object instead of a `MultiTrace` by default. You can pass return_inferencedata=True or return_inferencedata=False to be safe and silence this warning.",
        "2021-04-09T08:11:56.079675595Z   FutureWarning,",
        "2021-04-09T08:11:56.079679505Z Auto-assigning NUTS sampler...",
        "2021-04-09T08:11:56.079682555Z Initializing NUTS using jitter+adapt_diag...",
        "2021-04-09T08:12:20.097035257Z Multiprocess sampling (8 chains in 8 jobs)",
        "2021-04-09T08:12:20.097079373Z NUTS: [rel_residuals, r_t]",
        "2021-04-09T08:16:53.013805890Z Sampling 8 chains for 2_000 tune and 1_000 draw iterations (16_000 + 8_000 draws total) took 265 seconds.",
        "2021-04-09T08:17:03.898572045Z There were 27 divergences after tuning. Increase `target_accept` or reparameterize.",
        "2021-04-09T08:17:03.898625150Z There were 29 divergences after tuning. Increase `target_accept` or reparameterize.",
        "2021-04-09T08:17:03.898633551Z There were 22 divergences after tuning. Increase `target_accept` or reparameterize.",
        "2021-04-09T08:17:03.898637956Z There were 30 divergences after tuning. Increase `target_accept` or reparameterize.",
        "2021-04-09T08:17:03.898642650Z There were 20 divergences after tuning. Increase `target_accept` or reparameterize.",
        "2021-04-09T08:17:03.898646740Z There were 17 divergences after tuning. Increase `target_accept` or reparameterize.",
        "2021-04-09T08:17:03.898651174Z There were 8 divergences after tuning. Increase `target_accept` or reparameterize.",
        "2021-04-09T08:17:03.898662017Z There were 12 divergences after tuning. Increase `target_accept` or reparameterize.",
        "2021-04-09T08:17:03.898666624Z The number of effective samples is smaller than 25% for some parameters.",
        "2021-04-09T08:17:05.363441806Z /usr/local/lib/python3.6/dist-packages/pymc3/sampling.py:468: FutureWarning: In an upcoming release, pm.sample will return an `arviz.InferenceData` object instead of a `MultiTrace` by default. You can pass return_inferencedata=True or return_inferencedata=False to be safe and silence this warning.",
        "2021-04-09T08:17:05.363490364Z   FutureWarning,",
        "2021-04-09T08:17:05.363519999Z Auto-assigning NUTS sampler...",
        "2021-04-09T08:17:05.363524371Z Initializing NUTS using jitter+adapt_diag...",
        "2021-04-09T08:17:31.514122654Z Multiprocess sampling (8 chains in 8 jobs)",
        "2021-04-09T08:17:31.514167358Z NUTS: [rel_residuals, r_t]",
        "2021-04-09T08:21:56.733460593Z Sampling 8 chains for 2_000 tune and 1_000 draw iterations (16_000 + 8_000 draws total) took 257 seconds.",
        "2021-04-09T08:22:08.154073400Z There were 6 divergences after tuning. Increase `target_accept` or reparameterize.",
        "2021-04-09T08:22:08.154120893Z There were 16 divergences after tuning. Increase `target_accept` or reparameterize.",
        "2021-04-09T08:22:08.154127102Z There were 19 divergences after tuning. Increase `target_accept` or reparameterize.",
        "2021-04-09T08:22:08.154132799Z There were 10 divergences after tuning. Increase `target_accept` or reparameterize.",
        "2021-04-09T08:22:08.154137934Z There were 9 divergences after tuning. Increase `target_accept` or reparameterize.",
        "2021-04-09T08:22:08.154143114Z There were 13 divergences after tuning. Increase `target_accept` or reparameterize.",
        "2021-04-09T08:22:08.154148209Z There were 15 divergences after tuning. Increase `target_accept` or reparameterize.",
        "2021-04-09T08:22:08.154166050Z There were 22 divergences after tuning. Increase `target_accept` or reparameterize.",
        "2021-04-09T08:22:08.154186946Z The number of effective samples is smaller than 25% for some parameters.",
        "2021-04-09T08:22:09.649413308Z /usr/local/lib/python3.6/dist-packages/pymc3/sampling.py:468: FutureWarning: In an upcoming release, pm.sample will return an `arviz.InferenceData` object instead of a `MultiTrace` by default. You can pass return_inferencedata=True or return_inferencedata=False to be safe and silence this warning.",
        "2021-04-09T08:22:09.649460347Z   FutureWarning,",
        "2021-04-09T08:22:09.649466277Z Auto-assigning NUTS sampler...",
        "2021-04-09T08:22:09.649470908Z Initializing NUTS using jitter+adapt_diag...",
        "2021-04-09T08:22:34.880786127Z Multiprocess sampling (8 chains in 8 jobs)",
        "2021-04-09T08:22:34.880838240Z NUTS: [rel_residuals, r_t]",
        "2021-04-09T08:27:13.036889050Z Sampling 8 chains for 2_000 tune and 1_000 draw iterations (16_000 + 8_000 draws total) took 272 seconds.",
        "2021-04-09T08:27:24.571295428Z There were 21 divergences after tuning. Increase `target_accept` or reparameterize.",
        "2021-04-09T08:27:24.571351273Z There were 17 divergences after tuning. Increase `target_accept` or reparameterize.",
        "2021-04-09T08:27:24.571356923Z There were 18 divergences after tuning. Increase `target_accept` or reparameterize.",
        "2021-04-09T08:27:24.571362026Z There were 27 divergences after tuning. Increase `target_accept` or reparameterize.",
        "2021-04-09T08:27:24.571366881Z There were 4 divergences after tuning. Increase `target_accept` or reparameterize.",
        "2021-04-09T08:27:24.571371473Z There were 30 divergences after tuning. Increase `target_accept` or reparameterize.",
        "2021-04-09T08:27:24.571376404Z There were 21 divergences after tuning. Increase `target_accept` or reparameterize.",
        "2021-04-09T08:27:24.571408574Z There were 20 divergences after tuning. Increase `target_accept` or reparameterize.",
        "2021-04-09T08:27:24.571413078Z The number of effective samples is smaller than 25% for some parameters.",
        "2021-04-09T08:27:31.678087536Z /usr/local/lib/python3.6/dist-packages/arviz/stats/stats.py:338: UserWarning: hpd will be deprecated Please replace hdi",
        "2021-04-09T08:27:31.678117484Z   (\"hpd will be deprecated \" \"Please replace hdi\"),",
        "2021-04-09T08:27:31.678121483Z /usr/local/lib/python3.6/dist-packages/arviz/stats/stats.py:487: FutureWarning: hdi currently interprets 2d data as (draw, shape) but this will change in a future release to (chain, draw) for coherence with other functions",
        "2021-04-09T08:27:31.678124752Z   FutureWarning,",
        ""
    ]
}