{
    "name": "Sicilia",
    "container_id": "f6f7670a35a420cee5755e52a3f56dd560a9a3a65610404da5e4298eedd94677",
    "run_context": {
        "app": "seasonalnoisedMCMC_generic",
        "image": "covid-run-apps",
        "args": {
            "PICKLEPREFIX": "2021-04-07_futbound_08_12",
            "DATA_COL_NAME": "nuovi_positivi",
            "PASTDAYS_START": 0,
            "PASTDAYS_END": 0,
            "FUTUREDRAWS": 5,
            "TOT_CHAIN_LEN": 100,
            "LOWER_RATIO": 0.8,
            "UPPER_RATIO": 1.2,
            "MC_TARGETACCEPT": 0.95,
            "MC_TUNE": 2000,
            "MC_DRAWS": 1000,
            "MC_CORES": 8,
            "REGION": "Sicilia"
        },
        "data_dir": {
            "source": "/home/ubuntu/COVID-19/data/",
            "target": "/home/jupuser/data"
        }
    },
    "completed": "2021-04-09T09:47:58.654181",
    "failed": null,
    "started": "2021-04-09T08:18:41.321533",
    "logs": [
        "2021-04-09T08:18:42.199112365Z WARNING (theano.tensor.blas): Using NumPy C-API based implementation for BLAS functions.",
        "2021-04-09T08:19:23.261942969Z /usr/local/lib/python3.6/dist-packages/sklearn/linear_model/_ridge.py:148: LinAlgWarning: Ill-conditioned matrix (rcond=1.69589e-17): result may not be accurate.",
        "2021-04-09T08:19:23.261994949Z   overwrite_a=True).T",
        "2021-04-09T08:19:23.261999317Z /usr/local/lib/python3.6/dist-packages/pymc3/sampling.py:468: FutureWarning: In an upcoming release, pm.sample will return an `arviz.InferenceData` object instead of a `MultiTrace` by default. You can pass return_inferencedata=True or return_inferencedata=False to be safe and silence this warning.",
        "2021-04-09T08:19:23.262003206Z   FutureWarning,",
        "2021-04-09T08:19:23.262006823Z Auto-assigning NUTS sampler...",
        "2021-04-09T08:19:23.262009900Z Initializing NUTS using jitter+adapt_diag...",
        "2021-04-09T08:20:12.470308351Z Multiprocess sampling (8 chains in 8 jobs)",
        "2021-04-09T08:20:12.470389017Z NUTS: [rel_residuals, r_t]",
        "2021-04-09T08:35:59.518835036Z Sampling 8 chains for 2_000 tune and 1_000 draw iterations (16_000 + 8_000 draws total) took 938 seconds.",
        "2021-04-09T08:36:12.109541992Z There were 23 divergences after tuning. Increase `target_accept` or reparameterize.",
        "2021-04-09T08:36:12.109584955Z There were 30 divergences after tuning. Increase `target_accept` or reparameterize.",
        "2021-04-09T08:36:12.109588896Z There were 56 divergences after tuning. Increase `target_accept` or reparameterize.",
        "2021-04-09T08:36:12.109591750Z There were 35 divergences after tuning. Increase `target_accept` or reparameterize.",
        "2021-04-09T08:36:12.109608627Z There were 15 divergences after tuning. Increase `target_accept` or reparameterize.",
        "2021-04-09T08:36:12.109612587Z There were 15 divergences after tuning. Increase `target_accept` or reparameterize.",
        "2021-04-09T08:36:12.109686822Z There were 37 divergences after tuning. Increase `target_accept` or reparameterize.",
        "2021-04-09T08:36:12.109692790Z There were 14 divergences after tuning. Increase `target_accept` or reparameterize.",
        "2021-04-09T08:36:12.109723461Z The number of effective samples is smaller than 10% for some parameters.",
        "2021-04-09T08:36:13.487143511Z /usr/local/lib/python3.6/dist-packages/pymc3/sampling.py:468: FutureWarning: In an upcoming release, pm.sample will return an `arviz.InferenceData` object instead of a `MultiTrace` by default. You can pass return_inferencedata=True or return_inferencedata=False to be safe and silence this warning.",
        "2021-04-09T08:36:13.487181320Z   FutureWarning,",
        "2021-04-09T08:36:13.487186372Z Auto-assigning NUTS sampler...",
        "2021-04-09T08:36:13.487190372Z Initializing NUTS using jitter+adapt_diag...",
        "2021-04-09T08:36:37.475152599Z Multiprocess sampling (8 chains in 8 jobs)",
        "2021-04-09T08:36:37.475202256Z NUTS: [rel_residuals, r_t]",
        "2021-04-09T08:53:11.717127012Z Sampling 8 chains for 2_000 tune and 1_000 draw iterations (16_000 + 8_000 draws total) took 986 seconds.",
        "2021-04-09T08:53:21.824767530Z There were 29 divergences after tuning. Increase `target_accept` or reparameterize.",
        "2021-04-09T08:53:21.824834573Z There were 23 divergences after tuning. Increase `target_accept` or reparameterize.",
        "2021-04-09T08:53:21.824839633Z There were 5 divergences after tuning. Increase `target_accept` or reparameterize.",
        "2021-04-09T08:53:21.824842149Z There were 13 divergences after tuning. Increase `target_accept` or reparameterize.",
        "2021-04-09T08:53:21.824844670Z There were 21 divergences after tuning. Increase `target_accept` or reparameterize.",
        "2021-04-09T08:53:21.824846986Z There were 35 divergences after tuning. Increase `target_accept` or reparameterize.",
        "2021-04-09T08:53:21.824959508Z There were 52 divergences after tuning. Increase `target_accept` or reparameterize.",
        "2021-04-09T08:53:21.825001411Z There were 47 divergences after tuning. Increase `target_accept` or reparameterize.",
        "2021-04-09T08:53:21.825005206Z The number of effective samples is smaller than 10% for some parameters.",
        "2021-04-09T08:53:23.191670377Z /usr/local/lib/python3.6/dist-packages/pymc3/sampling.py:468: FutureWarning: In an upcoming release, pm.sample will return an `arviz.InferenceData` object instead of a `MultiTrace` by default. You can pass return_inferencedata=True or return_inferencedata=False to be safe and silence this warning.",
        "2021-04-09T08:53:23.191701282Z   FutureWarning,",
        "2021-04-09T08:53:23.191704954Z Auto-assigning NUTS sampler...",
        "2021-04-09T08:53:23.191707815Z Initializing NUTS using jitter+adapt_diag...",
        "2021-04-09T08:53:47.126953732Z Multiprocess sampling (8 chains in 8 jobs)",
        "2021-04-09T08:53:47.127001160Z NUTS: [rel_residuals, r_t]",
        "2021-04-09T09:11:24.607691155Z Sampling 8 chains for 2_000 tune and 1_000 draw iterations (16_000 + 8_000 draws total) took 1050 seconds.",
        "2021-04-09T09:11:34.934176761Z There were 14 divergences after tuning. Increase `target_accept` or reparameterize.",
        "2021-04-09T09:11:34.934226984Z There were 27 divergences after tuning. Increase `target_accept` or reparameterize.",
        "2021-04-09T09:11:34.934231307Z There were 23 divergences after tuning. Increase `target_accept` or reparameterize.",
        "2021-04-09T09:11:34.934234430Z There were 26 divergences after tuning. Increase `target_accept` or reparameterize.",
        "2021-04-09T09:11:34.934237412Z There were 22 divergences after tuning. Increase `target_accept` or reparameterize.",
        "2021-04-09T09:11:34.934240460Z There were 22 divergences after tuning. Increase `target_accept` or reparameterize.",
        "2021-04-09T09:11:34.934243130Z There were 4 divergences after tuning. Increase `target_accept` or reparameterize.",
        "2021-04-09T09:11:34.934245584Z There were 36 divergences after tuning. Increase `target_accept` or reparameterize.",
        "2021-04-09T09:11:34.934248156Z The number of effective samples is smaller than 10% for some parameters.",
        "2021-04-09T09:11:36.305575655Z /usr/local/lib/python3.6/dist-packages/pymc3/sampling.py:468: FutureWarning: In an upcoming release, pm.sample will return an `arviz.InferenceData` object instead of a `MultiTrace` by default. You can pass return_inferencedata=True or return_inferencedata=False to be safe and silence this warning.",
        "2021-04-09T09:11:36.305622166Z   FutureWarning,",
        "2021-04-09T09:11:36.305649206Z Auto-assigning NUTS sampler...",
        "2021-04-09T09:11:36.305652675Z Initializing NUTS using jitter+adapt_diag...",
        "2021-04-09T09:12:01.318452512Z Multiprocess sampling (8 chains in 8 jobs)",
        "2021-04-09T09:12:01.318511630Z NUTS: [rel_residuals, r_t]",
        "2021-04-09T09:29:35.708159892Z Sampling 8 chains for 2_000 tune and 1_000 draw iterations (16_000 + 8_000 draws total) took 1047 seconds.",
        "2021-04-09T09:29:46.518123968Z There were 13 divergences after tuning. Increase `target_accept` or reparameterize.",
        "2021-04-09T09:29:46.518171441Z There were 20 divergences after tuning. Increase `target_accept` or reparameterize.",
        "2021-04-09T09:29:46.518175969Z There were 26 divergences after tuning. Increase `target_accept` or reparameterize.",
        "2021-04-09T09:29:46.518179087Z There were 40 divergences after tuning. Increase `target_accept` or reparameterize.",
        "2021-04-09T09:29:46.518182032Z There were 27 divergences after tuning. Increase `target_accept` or reparameterize.",
        "2021-04-09T09:29:46.518184870Z There were 15 divergences after tuning. Increase `target_accept` or reparameterize.",
        "2021-04-09T09:29:46.518203287Z There were 35 divergences after tuning. Increase `target_accept` or reparameterize.",
        "2021-04-09T09:29:46.518206805Z There were 21 divergences after tuning. Increase `target_accept` or reparameterize.",
        "2021-04-09T09:29:46.518209620Z The number of effective samples is smaller than 10% for some parameters.",
        "2021-04-09T09:29:47.907438412Z /usr/local/lib/python3.6/dist-packages/pymc3/sampling.py:468: FutureWarning: In an upcoming release, pm.sample will return an `arviz.InferenceData` object instead of a `MultiTrace` by default. You can pass return_inferencedata=True or return_inferencedata=False to be safe and silence this warning.",
        "2021-04-09T09:29:47.907467600Z   FutureWarning,",
        "2021-04-09T09:29:47.907471446Z Auto-assigning NUTS sampler...",
        "2021-04-09T09:29:47.907474799Z Initializing NUTS using jitter+adapt_diag...",
        "2021-04-09T09:30:12.535952885Z Multiprocess sampling (8 chains in 8 jobs)",
        "2021-04-09T09:30:12.536002802Z NUTS: [rel_residuals, r_t]",
        "2021-04-09T09:47:33.860216790Z Sampling 8 chains for 2_000 tune and 1_000 draw iterations (16_000 + 8_000 draws total) took 1035 seconds.",
        "2021-04-09T09:47:44.904662602Z There were 28 divergences after tuning. Increase `target_accept` or reparameterize.",
        "2021-04-09T09:47:44.904706955Z There were 29 divergences after tuning. Increase `target_accept` or reparameterize.",
        "2021-04-09T09:47:44.904710410Z There were 15 divergences after tuning. Increase `target_accept` or reparameterize.",
        "2021-04-09T09:47:44.904713377Z There were 18 divergences after tuning. Increase `target_accept` or reparameterize.",
        "2021-04-09T09:47:44.904715979Z There was 1 divergence after tuning. Increase `target_accept` or reparameterize.",
        "2021-04-09T09:47:44.904718552Z There were 28 divergences after tuning. Increase `target_accept` or reparameterize.",
        "2021-04-09T09:47:44.904720986Z There were 24 divergences after tuning. Increase `target_accept` or reparameterize.",
        "2021-04-09T09:47:44.904773153Z There were 15 divergences after tuning. Increase `target_accept` or reparameterize.",
        "2021-04-09T09:47:44.904792450Z The number of effective samples is smaller than 10% for some parameters.",
        "2021-04-09T09:47:51.779191991Z /usr/local/lib/python3.6/dist-packages/arviz/stats/stats.py:338: UserWarning: hpd will be deprecated Please replace hdi",
        "2021-04-09T09:47:51.779229664Z   (\"hpd will be deprecated \" \"Please replace hdi\"),",
        "2021-04-09T09:47:51.779234753Z /usr/local/lib/python3.6/dist-packages/arviz/stats/stats.py:487: FutureWarning: hdi currently interprets 2d data as (draw, shape) but this will change in a future release to (chain, draw) for coherence with other functions",
        "2021-04-09T09:47:51.779237817Z   FutureWarning,",
        ""
    ]
}